word1,word2,n,unique_ids,unique_authors
average,temperature,4381,1,1
observed,average,4381,1,1
total,precipitation,2764,1,1
4th,quarter,464,2,1
1st,quarter,460,2,1
2nd,quarter,460,2,1
3rd,quarter,460,2,1
age,class,345,5,2
escapement,count,270,6,3
fish,species,270,4,1
escapement,project,265,2,2
escaping,upstream,263,1,1
fish,escaping,263,1,1
identifier,location,263,2,1
project,location,263,2,1
location,identifier,262,1,1
species,identifier,262,1,1
upstream,species,262,1,1
identifier,date,261,1,1
temperature,measured,258,10,3
stream,temperature,252,11,3
unique,identifier,249,16,6
alaska,center,241,10,3
conservation,science,241,10,3
identifier,assigned,241,10,3
uaa,alaska,241,10,3
quarter,winter,232,1,1
quarter,fall,230,1,1
quarter,spring,230,1,1
quarter,summer,230,1,1
column,0,175,7,3
missing,sampledate,172,6,2
nceas,obtaining,172,6,2
obtaining,data,172,6,2
qc'ed,prior,172,6,2
sampletime,information,172,6,2
information,date,164,5,2
license,holder,149,1,1
degrees,celsius,132,6,1
air,temperatures,107,3,1
celsius,unique,107,3,1
constant,readings,107,3,1
data,qc'ed,107,3,1
measured,air,107,3,1
nceas,obvious,107,3,1
obvious,outliers,107,3,1
outliers,data,107,3,1
date,sample,105,13,4
time,sample,91,6,3
salmon,harvested,90,3,3
parameters,monitored,76,11,3
data,source,73,17,6
individuals,identifying,72,1,1
sensor,site,67,11,3
data,missing,66,4,3
data,data,65,3,2
source,agency,63,11,3
sasap,region,62,37,17
labor,force,61,1,1
collected,hourly,60,1,1
hourly,time,60,1,1
indexes,observations,60,1,1
measured,temperature,60,1,1
measured,unique,60,1,1
missing,information,60,1,1
science,indexes,60,1,1
temperature,data,60,1,1
chum,salmon,54,5,3
poverty,line,54,2,2
sockeye,salmon,51,5,3
total,escapement,46,13,8
unique,stock,46,12,7
chinook,salmon,44,5,3
city,5,43,1,1
analysis,brood,42,12,7
median,age,42,3,3
total,age,41,4,3
community,median,40,2,2
data,collection,40,14,4
public,assistance,40,1,1
1901,observed,38,1,1
1902,observed,38,1,1
1903,observed,38,1,1
1904,observed,38,1,1
1905,observed,38,1,1
1906,observed,38,1,1
1907,observed,38,1,1
1908,observed,38,1,1
1909,observed,38,1,1
1910,observed,38,1,1
1911,observed,38,1,1
1912,observed,38,1,1
1913,observed,38,1,1
1914,observed,38,1,1
1915,observed,38,1,1
1916,observed,38,1,1
1917,observed,38,1,1
1918,observed,38,1,1
1919,observed,38,1,1
1920,observed,38,1,1
1921,observed,38,1,1
1922,observed,38,1,1
1923,observed,38,1,1
1924,observed,38,1,1
1925,observed,38,1,1
1926,observed,38,1,1
1927,observed,38,1,1
1928,observed,38,1,1
1929,observed,38,1,1
1930,observed,38,1,1
1931,observed,38,1,1
1932,observed,38,1,1
1933,observed,38,1,1
1934,observed,38,1,1
1935,observed,38,1,1
1936,observed,38,1,1
1937,observed,38,1,1
1938,observed,38,1,1
1939,observed,38,1,1
1940,observed,38,1,1
1941,observed,38,1,1
1942,observed,38,1,1
1943,observed,38,1,1
1944,observed,38,1,1
1945,observed,38,1,1
1946,observed,38,1,1
1947,observed,38,1,1
1948,observed,38,1,1
1949,observed,38,1,1
1950,observed,38,1,1
1951,observed,38,1,1
1952,observed,38,1,1
1953,observed,38,1,1
1954,observed,38,1,1
1955,observed,38,1,1
1956,observed,38,1,1
1957,observed,38,1,1
1958,observed,38,1,1
1959,observed,38,1,1
1960,observed,38,1,1
1961,observed,38,1,1
1962,observed,38,1,1
1963,observed,38,1,1
1964,observed,38,1,1
1965,observed,38,1,1
1966,observed,38,1,1
1967,observed,38,1,1
1968,observed,38,1,1
1969,observed,38,1,1
1970,observed,38,1,1
1971,observed,38,1,1
1972,observed,38,1,1
1973,observed,38,1,1
1974,observed,38,1,1
1975,observed,38,1,1
1976,observed,38,1,1
1977,observed,38,1,1
1978,observed,38,1,1
1979,observed,38,1,1
1980,observed,38,1,1
1981,observed,38,1,1
1982,observed,38,1,1
1983,observed,38,1,1
1984,observed,38,1,1
1985,observed,38,1,1
1986,observed,38,1,1
1987,observed,38,1,1
1988,observed,38,1,1
1989,observed,38,1,1
1990,observed,38,1,1
1991,observed,38,1,1
1992,observed,38,1,1
1993,observed,38,1,1
1994,observed,38,1,1
1995,observed,38,1,1
1996,observed,38,1,1
1997,observed,38,1,1
1998,observed,38,1,1
1999,observed,38,1,1
2000,observed,38,1,1
2001,observed,38,1,1
2002,observed,38,1,1
2003,observed,38,1,1
2004,observed,38,1,1
2005,observed,38,1,1
2006,observed,38,1,1
2007,observed,38,1,1
2008,observed,38,1,1
2009,observed,38,1,1
2010,observed,38,1,1
2011,observed,38,1,1
2012,observed,38,1,1
2013,observed,38,1,1
2014,observed,38,1,1
commercial,harvest,36,3,2
harvest,data,35,2,1
permits,issued,35,5,2
bethel,test,33,1,1
chum,sockeye:chinook,33,1,1
ratio,chum,33,1,1
sensor,0,33,2,1
site,water,33,11,3
species,ratio,33,1,1
test,fishery,33,1,1
water,quality,33,11,3
0,date,32,1,1
numeric,identification,32,6,1
sampled,region,32,2,1
0,unique,31,2,1
sampling,location,31,6,5
science,serial,31,2,1
british,columbia,30,1,1
contact,person,30,10,3
key,contact,30,10,3
datalogger,date,29,2,1
permit,holder,29,7,2
2015,observed,28,1,1
age,error,28,8,2
decimal,degrees,28,13,4
permit,holders,28,4,3
residents,identifying,28,1,1
akoats_id,date,27,3,2
alaska,online,27,3,2
aquatic,temperature,27,3,2
commercial,fishing,27,10,6
metadata,inventory,27,3,2
online,aquatic,27,3,2
site,akoats,27,3,2
statewide,stream,27,3,2
temperature,metadata,27,3,2
temperature,site,27,3,2
unique,akoats_id,27,3,2
water,age,27,7,2
1980,total,26,3,3
error,code,26,7,1
holder,country,26,3,2
salmon,species,26,9,5
asl,project,25,8,3
class,code,25,1,1
holder,sex,25,1,1
length,measurement,25,9,4
license,class,25,1,1
license,date,25,1,1
region,id,25,5,2
1901,total,24,1,1
1902,total,24,1,1
1903,total,24,1,1
1904,total,24,1,1
1905,total,24,1,1
1906,total,24,1,1
1907,total,24,1,1
1908,total,24,1,1
1909,total,24,1,1
1910,total,24,1,1
1911,total,24,1,1
1912,total,24,1,1
1913,total,24,1,1
1914,total,24,1,1
1915,total,24,1,1
1916,total,24,1,1
1917,total,24,1,1
1918,total,24,1,1
1919,total,24,1,1
1920,total,24,1,1
1921,total,24,1,1
1922,total,24,1,1
1923,total,24,1,1
1924,total,24,1,1
1925,total,24,1,1
1926,total,24,1,1
1927,total,24,1,1
1928,total,24,1,1
1929,total,24,1,1
1930,total,24,1,1
1931,total,24,1,1
1932,total,24,1,1
1933,total,24,1,1
1934,total,24,1,1
1935,total,24,1,1
1936,total,24,1,1
1937,total,24,1,1
1938,total,24,1,1
1939,total,24,1,1
1940,total,24,1,1
1941,total,24,1,1
1942,total,24,1,1
1943,total,24,1,1
1944,total,24,1,1
1945,total,24,1,1
1946,total,24,1,1
1947,total,24,1,1
1948,total,24,1,1
1949,total,24,1,1
1950,total,24,1,1
1951,total,24,1,1
1952,total,24,1,1
1953,total,24,1,1
1954,total,24,1,1
1955,total,24,1,1
1956,total,24,1,1
1957,total,24,1,1
1958,total,24,1,1
1959,total,24,1,1
1960,total,24,1,1
1961,total,24,1,1
1962,total,24,1,1
1963,total,24,1,1
1964,total,24,1,1
1965,total,24,1,1
1966,total,24,1,1
1967,total,24,1,1
1968,total,24,1,1
1969,total,24,1,1
1970,total,24,1,1
1971,total,24,1,1
1972,total,24,1,1
1973,total,24,1,1
1974,total,24,1,1
1975,total,24,1,1
1976,total,24,1,1
1977,total,24,1,1
1978,total,24,1,1
1979,total,24,1,1
1981,total,24,1,1
1982,total,24,1,1
1983,total,24,1,1
1984,total,24,1,1
1985,total,24,1,1
1986,total,24,1,1
1987,total,24,1,1
1988,total,24,1,1
1989,total,24,1,1
1990,total,24,1,1
1991,total,24,1,1
1992,total,24,1,1
1993,total,24,1,1
1994,total,24,1,1
1995,total,24,1,1
1996,total,24,1,1
1997,total,24,1,1
1998,total,24,1,1
1999,total,24,1,1
2000,total,24,1,1
2001,total,24,1,1
2002,total,24,1,1
2003,total,24,1,1
2004,total,24,1,1
2005,total,24,1,1
2006,total,24,1,1
2007,total,24,1,1
2008,total,24,1,1
2009,total,24,1,1
2010,total,24,1,1
2011,total,24,1,1
2012,total,24,1,1
2013,total,24,1,1
2014,total,24,1,1
data,0,24,2,1
data,1,24,2,1
species,common,24,10,3
stock,identifer,24,6,5
type,code,24,1,1
issued,license,23,1,1
license,license,23,1,1
2015,total,22,1,1
instrument,tested,22,11,3
monitoring,station,22,11,3
qa,qc,22,11,3
river,system,22,8,3
station,decimal,22,11,3
stock,identifier,22,6,3
monitoring,site,21,11,3
pink,salmon,21,3,2
escapement,data,20,7,3
median,income,20,2,2
mesh,size,20,6,2
numeric,id,20,5,2
project,type,20,6,3
0,main,19,2,1
0.1,age,19,5,2
0.2,age,19,5,2
0.3,age,19,5,2
0.4,age,19,5,2
0.5,age,19,5,2
1,backup,19,2,1
1.1,age,19,5,2
1.2,age,19,5,2
1.3,age,19,5,2
1.4,age,19,5,2
1.5,age,19,5,2
2.1,age,19,5,2
2.2,age,19,5,2
2.3,age,19,5,2
2.4,age,19,5,2
3.1,age,19,5,2
3.2,age,19,5,2
3.3,age,19,5,2
3.4,age,19,5,2
backup,sensor,19,2,1
fish,age,19,6,1
main,sensor,19,2,1
numeric,codes,19,6,1
sensor,1,19,2,1
unknown,meaning,19,6,1
1.1,recruits,18,7,6
1.2,recruits,18,7,6
age,1.1,18,7,6
age,1.2,18,7,6
annual,escapement,18,2,1
bar,code,18,1,1
hispanic,latino,18,1,1
line,proportion,18,1,1
2.1,recruits,17,6,6
2.2,recruits,17,6,6
age,2.1,17,6,6
age,2.2,17,6,6
cook,inlet,17,2,2
fresh,water,17,9,4
original,data,17,10,4
run,type,17,5,2
stored,numeric,17,5,1
3.1,recruits,16,5,5
3.2,recruits,16,5,5
age,3.1,16,5,5
age,3.2,16,5,5
assistance,food,16,1,1
collected,location,16,6,3
fall,run,16,5,2
food,stamps,16,1,1
local,residents,16,1,1
alaska,peninsula,15,1,1
class,unique,15,4,1
collect,sample,15,7,2
collected,type,15,8,2
eastern,kamchatka,15,1,1
fish,unit,15,3,2
fishing,district,15,8,5
individuals,residing,15,1,1
mainland,islands,15,1,1
northern,british,15,1,1
permits,held,15,2,2
prince,william,15,1,1
recruits,unique,15,2,2
russia,mainland,15,1,1
scale,card,15,3,2
south,korea,15,1,1
southeast,alaska,15,1,1
southern,alaska,15,1,1
southern,british,15,1,1
total,population,15,3,2
waters,catalog,15,9,4
western,alaska,15,1,1
western,kamchatka,15,1,1
william,sound,15,1,1
1,degree,14,1,1
1.3,recruits,14,5,4
30,degrees,14,1,1
abundance,data,14,1,1
additional,fall,14,3,2
additional,information,14,14,5
age,1.3,14,5,4
anadromous,waters,14,9,5
degree,celsius,14,1,1
degrees,longitude,14,13,4
hydro,network,14,9,1
meaning,weight,14,2,1
migration,runs,14,3,2
national,hydro,14,9,1
run,run,14,3,2
salt,water,14,7,2
standard,deviation,14,5,2
tagged,fish,14,3,3
temperatures,1,14,1,1
type,distinguishes,14,3,2
0.2,recruits,13,4,4
0.3,recruits,13,4,4
0.4,recruits,13,4,4
0.5,recruits,13,4,4
1.4,recruits,13,4,4
1.5,recruits,13,4,4
2.3,recruits,13,4,4
2.4,recruits,13,4,4
adult,population,13,1,1
age,0.2,13,4,4
age,0.3,13,4,4
age,0.4,13,4,4
age,0.5,13,4,4
age,1.4,13,4,4
age,1.5,13,4,4
age,2.3,13,4,4
age,2.4,13,4,4
ages,16,13,1,1
celsius,alaska,13,1,1
coho,salmon,13,2,1
females,residing,13,1,1
fish,camps,13,1,1
fish,counts,13,12,4
human,footprint,13,1,1
information,system,13,12,3
international,joint,13,8,1
joint,commission,13,8,1
males,residing,13,1,1
population,ages,13,1,1
region,code,13,3,2
salmon,millions,13,1,1
species,code,13,4,1
unemployed,civilian,13,1,1
white,people,13,1,1
0.1,recruits,12,3,3
3.3,recruits,12,3,3
age,0.1,12,3,3
age,3.3,12,3,3
alaska,biomass,12,1,1
alaska,department,12,6,5
columbia,biomass,12,1,1
freshwater,age,12,5,2
kamchatka,biomass,12,1,1
observation,numeric,12,3,2
plutonic,rocks,12,1,1
population,total,12,1,1
region,numeric,12,2,1
runs,card,12,1,1
salmon,biomass,12,1,1
salmon,run,12,3,3
sedimentary,rocks,12,1,1
sensor,location,12,11,3
temperature,monitored,12,11,3
total,harvest,12,2,2
volcanic,rocks,12,1,1
3,instrument,11,11,3
3.4,recruits,11,2,2
4,instrument,11,11,3
5,cross,11,11,3
additional,site,11,11,3
age,3.4,11,2,2
agency,organization,11,11,3
agency,website,11,11,3
air,temperature,11,11,3
aquatic,ecology,11,11,3
attachment,buoy,11,11,3
biological,data,11,11,3
buoy,additional,11,11,3
canadian,national,11,6,1
channel,slough,11,11,3
chemical,parameters,11,11,3
chemistry,physical,11,11,3
collection,final,11,11,3
conductivity,dissolved,11,11,3
cross,sectional,11,11,3
data,fish,11,11,3
deployment,4,11,11,3
depth,fish,11,11,3
describe,relative,11,11,3
describe,site,11,11,3
dissolved,oxygen,11,11,3
documented,sop,11,11,3
ecology,plants,11,11,3
epoxy,cable,11,11,3
failure,rock,11,11,3
file,source,11,6,1
fish,aquatic,11,11,3
fish,salt,11,5,1
flow,depth,11,11,3
force,100,11,1,1
gage,attachment,11,11,3
gage,height,11,11,3
gear,type,11,5,2
geographic,names,11,11,3
horizontal,datum,11,11,3
huc,region,11,2,1
hyporheic,zone,11,11,3
identification,distinguishing,11,11,3
lake,5,11,11,3
lake,level,11,11,3
larger,project,11,11,3
location,details,11,11,3
loss,failure,11,11,3
main,channel,11,11,3
merging,data,11,6,1
minutes,continuous,11,11,3
monitored,stream,11,11,3
nad83,wgs84,11,11,3
names,information,11,11,3
numeric,huc,11,2,1
operational,status,11,11,3
organization,unique,11,11,3
parameters,ph,11,11,3
ph,conductivity,11,11,3
physical,parameters,11,11,3
physical,water,11,11,3
post,deployment,11,11,3
previously,listed,11,1,1
project,hyperlink,11,11,3
project,information,11,11,3
qc,1,11,11,3
qc,2,11,11,3
quality,chemical,11,11,3
quality,flow,11,11,3
quality,physical,11,11,3
rebar,gage,11,11,3
recordings,units,11,11,3
redundant,sensor,11,11,3
referenced,nad83,11,11,3
relative,sensor,11,11,3
river,pond,11,11,3
rock,epoxy,11,11,3
salmon,location,11,1,1
season,sensor,11,11,3
sectional,stream,11,11,3
sensor,loss,11,11,3
sensor,operational,11,11,3
site,biological,11,11,3
site,conditions,11,11,3
site,flow,11,11,3
sop,3,11,11,3
source,file,11,6,1
stream,river,11,11,3
stream,testing,11,11,3
system,gnis,11,11,3
temperature,recordings,11,11,3
tested,onsite,11,11,3
tested,pre,11,11,3
tiered,levels,11,11,3
time,minutes,11,11,3
unique,identification,11,11,3
washington,total,11,1,1
water,chemistry,11,11,3
water,season,11,11,3
waterbody,type,11,11,3
0.2,deg,10,10,3
0.5,deg,10,10,3
accuracy,0.2,10,10,3
adfg,permits,10,1,1
agency,email,10,10,3
agency,latitude,10,10,3
agency,telephone,10,10,3
boat,helicopter,10,10,3
cancelled,completed,10,10,3
celsius,location,10,1,1
classified,culverts,10,1,1
coded,values,10,1,1
collected,district,10,5,2
continuous,automated,10,10,3
coordinates,referenced,10,10,3
data,starting,10,10,3
earth,interpolated,10,10,3
english,language,10,1,1
gaging,standpipe,10,10,3
google,earth,10,10,3
gps,google,10,10,3
helicopter,plane,10,10,3
hobo,pro,10,10,3
households,living,10,1,1
id,code,10,3,2
identifier,indicaates,10,2,1
islander,descent,10,1,1
level,1,10,10,3
managing,monitoring,10,10,3
month,observed,10,1,1
observation,month,10,3,2
organization,managing,10,10,3
oxygen,1,10,10,3
parameters,1,10,10,3
plants,1,10,10,3
population,living,10,2,2
position,e.g,10,10,3
pro,v2,10,10,3
region,observed,10,1,1
residents,living,10,1,1
rlf,dgf,10,1,1
road,boat,10,10,3
run,timing,10,2,2
science,identifier,10,10,3
sensor,type,10,10,3
site,air,10,10,3
site,data,10,10,3
status,cancelled,10,10,3
temperature,1,10,10,3
testing,road,10,10,3
time,recordings,10,10,3
total,salmon,10,2,2
transferrable,permits,10,1,1
unknown,tiered,10,10,3
usgs,waterbody,10,10,3
v2,tidbit,10,10,3
wgs84,gps,10,10,3
xx,minutes,10,10,3
16,unemployed,9,1,1
alaska,urban,9,1,1
collected,source,9,4,1
count,location,9,3,3
day,running,9,1,1
fish,length,9,6,4
fish,method,9,3,1
line,total,9,1,1
missing,values,9,1,1
multi,racial,9,1,1
numeric,region,9,2,1
outliers,alaska,9,1,1
population,labor,9,1,1
running,total,9,1,1
saltwater,age,9,3,2
sampled,community,9,1,1
standard,error,9,2,2
transferable,permits,9,1,1
4.1,recruits,8,4,4
age,4.1,8,4,4
alaska,rural,8,1,1
civilian,population,8,1,1
civilian,unemployed,8,1,1
collected,subdistrict,8,3,2
copper,district,8,1,1
date,sex,8,2,1
determined,length,8,2,1
district,subdistrict,8,2,2
eligible,adult,8,1,1
escapement,goal,8,2,1
families,percent.families.below.povertyline,8,1,1
fish,passage,8,1,1
fish,type,8,3,2
force,eligible,8,1,1
gear,code,8,4,2
individuals,living,8,1,1
individuals,speaking,8,1,1
kilograms,sasap,8,3,2
land,cover,8,1,1
mining,footprints,8,1,1
month,shown,8,1,1
percent.families.below.povertyline,100,8,1,1
permits,transferred,8,1,1
sampled,fish,8,3,3
size,species,8,2,1
slough,streambed,8,8,3
sockeye,observed,8,1,1
stamps,labor,8,1,1
stamps,proportion,8,1,1
streambed,hyporheic,8,8,3
total,families,8,1,1
white,individuals,8,1,1
zone,text,8,8,3
2009,human,7,1,1
2015,numeric,7,2,1
3,recruits,7,4,3
4,recruits,7,4,3
5,recruits,7,4,3
6,recruits,7,4,3
age,3,7,4,3
age,4,7,4,3
age,5,7,4,3
age,6,7,4,3
catch,fish,7,3,1
chitina,subdistrict,7,1,1
city,longitude,7,4,3
collection,1,7,7,3
daily,escapement,7,5,3
escapement,counts,7,5,3
fish,catch,7,2,1
footprint,values,7,1,1
force,population,7,1,1
glennallen,subdistrict,7,1,1
latitude,longitude,7,6,4
location,code,7,3,2
millimeters,weight,7,1,1
nonresidents,total,7,2,1
percent,population,7,2,2
recovery,rate,7,3,1
region,total,7,4,1
residents,counted,7,1,1
salmon,fish,7,1,1
sample,date,7,2,1
sample,species,7,2,1
sex,length,7,2,2
stream,location,7,2,2
telemetry,tagged,7,1,1
transferable,permit,7,1,1
underdevelopment,time,7,7,3
unemployed,labor,7,1,1
1993,human,6,1,1
2016,percent,6,1,1
7,recruits,6,3,2
adfg,management,6,3,2
age,7,6,3,2
agency,responsible,6,6,2
alaska,residents,6,1,1
alaskan,rural,6,1,1
batch,bar,6,1,1
calibration,drift,6,1,1
card,position,6,1,1
card,scale,6,1,1
cards,form,6,1,1
catch,date,6,1,1
city,community,6,1,1
code,age,6,1,1
code,batch,6,1,1
code,indicating,6,4,3
code,mesh,6,1,1
code,period,6,1,1
code,project,6,1,1
code,scale,6,1,1
code,tray,6,1,1
coded,wire,6,1,1
data,project,6,2,1
date,district,6,1,1
families,living,6,1,1
fish,caught,6,2,1
fish,landed,6,1,1
fish,ticket,6,2,1
force,proportion,6,1,1
genetics,code,6,1,1
genetics,individual,6,1,1
gross,earnings,6,2,1
harvested,amount,6,1,1
identifer,salmon,6,2,2
individual,bar,6,1,1
inlet,biomass,6,1,1
islands,biomass,6,1,1
item,based,6,2,1
japan,biomass,6,1,1
kg,genetics,6,1,1
kodiak,biomass,6,1,1
korea,biomass,6,1,1
length,type,6,1,1
location,processor,6,1,1
management,region,6,4,3
measurement,fresh,6,1,1
millimeters,type,6,1,1
net,pounds,6,2,1
peninsula,biomass,6,1,1
people,identifying,6,1,1
people,utilizing,6,2,1
period,code,6,1,1
permits,accounted,6,2,1
position,sample,6,1,1
pounds,multiplied,6,2,1
product,recovery,6,2,1
proposal,list,6,2,2
record,id,6,1,1
region,maximum,6,3,1
region,minimum,6,3,1
region,range,6,3,1
region,standard,6,4,1
release,site,6,1,1
resident,type,6,1,1
residents,total,6,2,2
round,pound,6,2,1
salmon,harvesting,6,1,1
sample,mesh,6,1,1
session,sampler,6,1,1
size,length,6,1,1
sound,biomass,6,1,1
subdistrict,stream,6,1,1
ticket,item,6,2,1
total,biomass,6,1,1
total,weight,6,1,1
tray,bar,6,1,1
type,gear,6,1,1
type,genetics,6,1,1
water,body,6,2,2
water,depth,6,1,1
watershed,total,6,3,1
winters,spent,6,2,1
1975,dollars,5,1,1
1976,dollars,5,1,1
2.5,recruits,5,3,3
4.2,recruits,5,1,1
adfg,species,5,1,1
age,2.5,5,3,3
age,4.2,5,1,1
alaskan,urban,5,1,1
american,indian,5,2,2
assistance,proportion,5,1,1
born,white,5,1,1
catalog,awc,5,3,2
catches,recorded,5,1,1
civilian,labor,5,1,1
collected,coded,5,1,1
confidential,designation,5,1,1
data,collected,5,5,3
data,date,5,5,2
data,unadjusted,5,1,1
database,ubiquitously,5,1,1
date,applying,5,1,1
dollars,meaning,5,1,1
dollars,values,5,1,1
fish,spent,5,3,3
fishery,code,5,3,2
force,adult,5,1,1
harvest,copper,5,1,1
harvested,pounds,5,1,1
id,huc,5,1,1
location,information,5,3,2
location,longitude,5,3,2
meaning,values,5,1,1
oncorhynchus,sp,5,1,1
permit,type,5,3,3
permits,people,5,1,1
pounds,harvested,5,2,2
purchased,salmon,5,1,1
recruits,total,5,3,3
release,longitude,5,1,1
residents,median,5,1,1
rural,local,5,1,1
salmon,oncorhynchus,5,1,1
sp,caught,5,1,1
species,defined,5,1,1
stock,sasap,5,3,3
total,workers,5,1,1
type,codes,5,1,1
urban,local,5,1,1
utilizing,adfg,5,1,1
vessel,catches,5,1,1
watershed,standard,5,3,1
workers,employed,5,1,1
2016,change,4,1,1
360,degree,4,1,1
8,recruits,4,4,3
acid,plutonic,4,1,1
acid,volcanic,4,1,1
adfg,gear,4,1,1
age,8,4,4,3
age,classes,4,2,2
agency,conducting,4,4,2
american,community,4,1,1
barren,land,4,1,1
basic,plutonic,4,1,1
basic,volcanic,4,1,1
basin,total,4,1,1
bound,escapement,4,2,1
brood,stock,4,2,2
carbonate,sedimentary,4,1,1
city,total,4,3,2
classes,unique,4,2,2
coast,washington,4,1,1
columbia,river,4,1,1
commercial,fisheries,4,3,2
community,longitude,4,4,2
community,residents,4,2,2
community,survey,4,1,1
cover,percentage,4,1,1
culverts,red,4,1,1
curve,auc,4,1,1
date,species,4,4,2
earliest,month,4,1,1
environmental,attributes,4,2,1
estimate,american,4,1,1
european,notation,4,3,1
federal,harvest,4,1,1
female,residents,4,2,2
fish,counted,4,2,2
fish,fresh,4,3,1
fish,harvested,4,2,1
fish,originated,4,1,1
fish,released,4,1,1
fishing,subdistrict,4,2,1
footprints,intersecting,4,1,1
forest,landocover,4,1,1
fund,dgf,4,1,1
game,commercial,4,1,1
gear,defined,4,1,1
harvest,amounts,4,1,1
hatchery,fish,4,1,1
holder,city,4,4,2
intermediate,plutonic,4,1,1
intermediate,volcanic,4,1,1
january,1,4,2,1
landcover,percentage,4,1,1
landocover,percentage,4,1,1
located,latitude,4,4,4
location,total,4,1,1
male,residents,4,2,2
map,main,4,4,2
max_elevation,min_elevation,4,1,1
max_slope,min_slope,4,1,1
maximum,elevation,4,1,1
maximum,slope,4,1,1
measurement,type,4,3,3
median,elevation,4,1,1
median,slope,4,1,1
metamorphic,rock,4,1,1
minimum,elevation,4,1,1
minimum,slope,4,1,1
mixed,sedimentary,4,1,1
month,total,4,1,1
net,weight,4,3,2
numeric,code,4,3,2
observation,season,4,2,1
observed,sockeye,4,1,1
ocean,region,4,3,3
original,dataset,4,2,2
people,born,4,1,1
permit,transactions,4,1,1
permits,returned,4,2,1
population,eligible,4,1,1
region,average,4,3,1
region,coefficient,4,2,1
region,median,4,2,1
residents,employed,4,1,1
river,basin,4,1,1
salmon,escapement,4,1,1
salmon,permit,4,2,2
sample,sex,4,3,2
sample,type,4,4,2
sensors,position,4,4,2
shown,inclusive,4,1,1
shrub,landcover,4,1,1
siliciclastic,sedimentary,4,1,1
sonde,measurement,4,1,1
source,document,4,2,2
species,adfg,4,3,2
specific,apparatus,4,1,1
start,date,4,4,4
start,ft,4,1,1
stock,tagging,4,1,1
subdistrict,harvest,4,1,1
subsistence,fishery,4,2,1
subsistence,salmon,4,1,1
tagging,projects,4,1,1
temperature,measurement,4,1,1
time,scale,4,2,2
total,pounds,4,2,1
transactions,occurring,4,1,1
transfer,recipient,4,1,1
unconsolidated,sediment,4,1,1
variation,calculated,4,1,1
water,bodies,4,1,1
watershed,coefficient,4,2,1
watershed,maximum,4,2,1
watershed,median,4,2,1
watershed,minimum,4,2,1
watershed,range,4,2,1
west,coast,4,1,1
wetland,land,4,1,1
white,population,4,1,1
wild,stock,4,1,1
wire,tag,4,1,1
0.2,0.5c,3,1,1
0.5,0.8c,3,1,1
0.8c,fair,3,1,1
0.8c,poor,3,1,1
1,winter,3,2,1
100,unemployed,3,1,1
16,civilian,3,1,1
2,recruits,3,3,3
2014,village,3,1,1
202013.1,pdf,3,1,1
3,age,3,2,1
3,winters,3,2,1
active,1,3,3,1
adfg,names,3,1,1
administrative,code,3,2,2
adult,weight,3,1,1
age,1,3,2,1
age,2,3,3,3
agriculture,bank,3,1,1
alaska,administrative,3,2,2
alaska,native,3,2,2
alaska,watershed,3,3,1
alaska’s,salmon,3,2,2
approximately,monthly,3,1,1
auxrep,fq,3,1,1
average,adult,3,1,1
average,earnings,3,1,1
average,pounds,3,1,1
awc,code,3,1,1
bed,hyporheic,3,3,1
bru,bru,3,1,1
calibration,standards,3,1,1
catalog,code,3,1,1
caught,region,3,1,1
caught,species,3,3,2
cfec,code,3,1,1
city,falls,3,2,2
code,sasap,3,3,2
collected,commercial,3,1,1
collected,describes,3,1,1
commerce,community,3,1,1
commercial,salmon,3,2,2
commercial,subsistence,3,3,3
commission,huc8,3,3,1
count,method,3,2,2
covers,agency,3,3,1
daily,stream,3,1,1
data,covers,3,3,1
data,file,3,2,1
data,grade,3,1,1
data,grades,3,1,1
data,quality,3,1,1
defined,set,3,1,1
degree,longitude,3,2,2
describes,broader,3,1,1
detailed,description,3,1,1
development,division,3,1,1
dgf,ua,3,1,1
disaster,declaration,3,1,1
district,total,3,2,2
div,ugf,3,1,1
dollar,wholesale,3,1,1
drainage,source,3,3,1
economic,development,3,1,1
energy,dgf,3,1,1
fair,poor,3,1,1
family,started,3,1,1
federally,determined,3,1,1
females,median,3,1,1
fish,saltwater,3,2,2
fish,sampled,3,2,1
fisheries,meeting,3,1,1
fishery,disaster,3,1,1
force,civilian,3,1,1
force,labor,3,1,1
force,total,3,1,1
foreign,born,3,1,1
fq,fq_a,3,1,1
fq_a,fq_protocol,3,1,1
fq_protocol,202013.1,3,1,1
ft,perforation,3,1,1
ƒ,main,3,3,2
gill,net,3,1,1
grade,excellent,3,1,1
harvest,glennallen,3,1,1
harvest,total,3,2,2
harvested,salmon,3,2,2
harvesting,goal,3,1,1
harvesting,goals,3,1,1
hatchery,releases,3,1,1
hobo,logger,3,1,1
https,science.nature.nps.gov,3,1,1
identify,location,3,2,1
im,units,3,1,1
indigenous,people,3,1,1
individual,streams,3,1,1
information,https,3,1,1
information,source,3,1,1
initial,issue,3,1,1
inriver,harvest,3,1,1
interim,permits,3,1,1
internal,protocol,3,1,1
investments,commercial,3,1,1
key,parameter,3,1,1
line,percent,3,1,1
loan,holder,3,1,1
located,length,3,1,1
located,longitude,3,3,3
location,regions,3,1,1
location,source,3,2,1
longitude,data,3,3,3
low,data,3,1,1
mailing,address,3,1,1
maintenance,visits,3,1,1
male,population,3,1,1
management,district,3,2,1
map,ƒ,3,3,2
monthly,time,3,1,1
montly,maintenance,3,1,1
national,park,3,1,1
numerical,rating,3,1,1
object,anadromous,3,1,1
observation,latitude,3,1,1
observed,date,3,1,1
observed,deviation,3,1,1
official,escapement,3,1,1
original,numeric,3,3,1
park,service,3,1,1
people,sasap,3,2,2
permanent,permits,3,1,1
permit,transfers,3,2,1
permits,renewed,3,1,1
permitted,activity,3,1,1
poor,calibration,3,1,1
populaiton,total,3,1,1
project,source,3,3,1
proposal,applies,3,1,1
proposal,content,3,2,2
public,comments,3,1,1
rcpts,dgf,3,1,1
recovery,date,3,1,1
recovery,longitude,3,1,1
region,watershed,3,3,1
regional,id,3,3,1
regions,defined,3,1,1
release,release,3,1,1
reported,chinook,3,1,1
reported,chum,3,1,1
reported,sockeye,3,1,1
residents,speaking,3,1,1
response,proportion,3,1,1
salmon,counted,3,2,1
salmon,harvest,3,3,2
salmon,observed,3,2,2
sample,receives,3,1,1
sampler's,internal,3,1,1
sampling,alaska,3,3,2
sampling,site,3,1,1
science.nature.nps.gov,im,3,1,1
sea,1,3,2,1
sea,3,3,2,1
sea,age,3,2,1
sean,auxrep,3,1,1
sensor's,position,3,3,1
service,protocol,3,1,1
site,agency,3,3,2
slough,stream,3,3,1
source,region,3,1,1
speak,french,3,1,1
species,gear,3,2,2
species,millions,3,1,1
sport,fish,3,3,3
started,fishing,3,1,1
static,water,3,1,1
statistical,week,3,1,1
statistical,weeks,3,1,1
stop,ft,3,1,1
stream,bed,3,3,1
stream,code,3,2,2
streams,tributaries,3,1,1
study,date,3,1,1
survey,type,3,1,1
svc,dgf,3,1,1
tag,type,3,1,1
temp_data_grade,attributedefinition,3,1,1
temperature,degree,3,1,1
temperature,reading,3,1,1
total,earnings,3,1,1
total,wages,3,2,1
unemployment,rate,3,1,1
unique,site,3,2,1
units,sean,3,1,1
waterbody,information,3,1,1
waterbody,shape,3,1,1
watershed,average,3,3,1
watershed,id,3,3,1
watershed,original,3,3,1
watersheds,data,3,3,1
zip,code,3,3,3
0,degree,2,1,1
1,december,2,1,1
1,southeast,2,1,1
1.0,recruits,2,2,2
12,estimates,2,1,1
1900,observed,2,1,1
2,central,2,1,1
2,degree,2,1,1
2_escapement_data,tables,2,1,1
2.0,recruits,2,2,2
2007,annual,2,2,1
2008,annual,2,2,1
2016,city,2,1,1
2016,median,2,1,1
21,30,2,1,1
3,westward,2,1,1
3.0,recruits,2,2,2
31,40,2,1,1
4,arctic,2,1,1
4.3,recruits,2,1,1
41,50,2,1,1
43bd,a499,2,1,1
5,degree,2,1,1
51,60,2,1,1
6329b75d,6d0e,2,1,1
6d0e,43bd,2,1,1
a499,b788506a8459,2,1,1
abbreviated,stock,2,1,1
accepting,carrying,2,1,1
accuracy,code,2,1,1
activity,type,2,1,1
actual,sales,2,1,1
adfg,document,2,2,2
adipose,fin,2,1,1
adults,returned,2,1,1
aerial,survey,2,1,1
age,1.0,2,2,2
age,2.0,2,2,2
age,3.0,2,2,2
age,4.3,2,1,1
age,difference,2,1,1
aged,16,2,2,2
aged,45,2,1,1
aged,50,2,1,1
agency,collecting,2,2,1
alaska,daylight,2,1,1
anadramous,waters,2,1,1
angler,days,2,1,1
annual,growth,2,1,1
annual,wholesale,2,1,1
annuli,ring,2,1,1
arctic,yukon,2,1,1
asl_formatting_bristolbay.r,mesh,2,1,1
auc,calculations,2,1,1
auc,model,2,1,1
authors,based,2,2,2
average,elevation,2,1,1
average,length,2,1,1
average,price,2,1,1
average,purchase,2,1,1
average,weight,2,1,1
awc,location,2,1,1
awc,stream,2,1,1
awt,detachment,2,1,1
awt,groupings,2,1,1
awt,unit,2,1,1
bay,lagoon,2,1,1
bering,sea,2,2,2
block,highway,2,1,1
body,section,2,1,1
bof,meeting,2,1,1
born,domestically,2,1,1
carrying,proposal,2,1,1
categorized,presumed,2,2,2
central,3,2,1,1
character,values,2,1,1
chinook,harvested,2,1,1
chum,harvested,2,1,1
circuli,10,2,1,1
circuli,11,2,1,1
circuli,12,2,1,1
circuli,13,2,1,1
circuli,14,2,1,1
circuli,15,2,1,1
circuli,16,2,1,1
circuli,17,2,1,1
circuli,18,2,1,1
circuli,19,2,1,1
circuli,2,2,1,1
circuli,20,2,1,1
circuli,21,2,1,1
circuli,22,2,1,1
circuli,23,2,1,1
circuli,24,2,1,1
circuli,25,2,1,1
circuli,26,2,1,1
circuli,27,2,1,1
circuli,28,2,1,1
circuli,29,2,1,1
circuli,3,2,1,1
circuli,30,2,1,1
circuli,31,2,1,1
circuli,32,2,1,1
circuli,33,2,1,1
circuli,34,2,1,1
circuli,35,2,1,1
circuli,36,2,1,1
circuli,37,2,1,1
circuli,38,2,1,1
circuli,39,2,1,1
circuli,4,2,1,1
circuli,40,2,1,1
circuli,41,2,1,1
circuli,42,2,1,1
circuli,5,2,1,1
circuli,6,2,1,1
circuli,7,2,1,1
circuli,8,2,1,1
circuli,9,2,1,1
civilian,unemployment,2,1,1
closest,hobo,2,1,1
closing,date,2,1,1
code,district,2,1,1
code,document,2,1,1
code,inscribed,2,1,1
code,registration,2,1,1
coho,harvested,2,1,1
coho,observed,2,1,1
collected,latitude,2,1,1
collected,sasap,2,2,1
collected,timing,2,1,1
collecting,data,2,2,1
collection,management,2,1,1
comments,supporting,2,1,1
commercial,data,2,1,1
community,region,2,2,1
community,village,2,1,1
conditions,observed,2,1,1
confidence,interval,2,1,1
considered,unreliable,2,1,1
consumer,price,2,1,1
count,daily,2,1,1
count,species,2,2,1
counted,daily,2,1,1
counted,date,2,1,1
counts,commercial,2,1,1
counts,species,2,1,1
cross,referenced,2,1,1
culvert,status,2,1,1
culverts,black,2,1,1
culverts,gray,2,1,1
culverts,green,2,1,1
data,location,2,2,1
data,percent,2,2,2
data,storage,2,1,1
data,unique,2,2,1
dataset,date,2,1,1
dataset,https,2,1,1
date,data,2,1,1
date,drilling,2,1,1
date,fish,2,2,2
date,length,2,2,2
date,representing,2,1,1
day,meeting,2,1,1
daylight,time,2,1,1
days,fished,2,1,1
december,12,2,1,1
decimal,degree,2,1,1
degree,recovery,2,1,1
degree,release,2,1,1
degree,statistical,2,1,1
degrees,anadramous,2,1,1
degrees,progressing,2,1,1
delineating,statistical,2,1,1
description,provided,2,1,1
developmental,parameters,2,1,1
dgf,gf,2,1,1
dgf,pfd,2,1,1
distinguish,hatchery,2,1,1
district,based,2,1,1
district,fish,2,1,1
district,identifier,2,1,1
document,link,2,2,2
domestic,born,2,1,1
e.g,bay,2,1,1
e.g,foot,2,1,1
e.g,january,2,1,1
ed,dgf,2,1,1
educational,harvest,2,1,1
educational,private,2,1,1
endow,dgf,2,1,1
entity,conducting,2,1,1
error,analysis,2,1,1
error,otolith,2,1,1
escapement,2007,2,2,1
escapement,2008,2,2,1
escapement,2009,2,2,1
escapement,goals,2,2,1
escapement,survey,2,1,1
estimated,values,2,1,1
excluding,forclosed,2,1,1
extracted,title,2,2,2
fd,dgf,2,1,1
female,population,2,1,1
file,date,2,2,1
filename,information,2,1,1
filipino,population,2,1,1
fin,clip,2,1,1
fin,clipped,2,1,1
fish,code,2,2,2
fish,defined,2,1,1
fish,description,2,1,1
fish,determined,2,1,1
fish,dgf,2,1,1
fish,freshwater,2,2,2
fish,gear,2,2,1
fish,originating,2,1,1
fish,sex,2,2,1
fish,weight,2,2,2
fished,sum,2,1,1
fisheries,latitude,2,1,1
fisheries,stream,2,1,1
fishery,community,2,1,1
fishery,management,2,1,1
fishing,average,2,1,1
fishing,licenses,2,1,1
fishing,region,2,1,1
fnd,dgf,2,1,1
foot,survey,2,1,1
force,percent,2,1,1
forclosed,permits,2,1,1
french,creole,2,1,1
freshwater,annuli,2,2,2
freshwater,system,2,1,1
ft,pump,2,1,1
ft,screen,2,1,1
ft,type,2,1,1
game,management,2,1,1
gauging,site,2,2,1
gauging,station,2,1,1
genus,classification,2,1,1
geographic,information,2,1,1
glaciers,intersecting,2,1,1
goal,escapement,2,2,1
goal,implemented,2,2,1
goal,type,2,2,1
goal,upper,2,2,1
goals,lower,2,2,1
governmental,entity,2,1,1
grams,average,2,1,1
gravel,ft,2,1,1
gray,classified,2,1,1
grout,depth,2,1,1
growth,zone,2,1,1
guided,type,2,1,1
harvest,chitina,2,1,1
harvest,coefficient,2,1,1
harvest,derived,2,2,1
harvest,harvest,2,1,1
harvest,region,2,2,2
harvest,sport,2,1,1
harvest,standard,2,1,1
harvest,survey,2,1,1
harvested,code,2,2,1
harvested,lower,2,1,1
harvested,total,2,2,2
harvesting,subsistence,2,1,1
hatchery,rack,2,1,1
hatchery,reared,2,1,1
hatchery,release,2,1,1
highway,marker,2,1,1
hobo,temperature,2,1,1
holder,residency,2,2,2
holder,zip,2,2,2
holder,zipcode,2,1,1
holders,residence,2,1,1
home,port,2,1,1
household,responses,2,1,1
households,harvesting,2,1,1
households,median,2,1,1
households,receiving,2,1,1
html,data,2,1,1
https,knb.ecoinformatics.org,2,1,1
id,sasap,2,1,1
id,unique,2,1,1
identifer,adfg,2,2,2
identifier,brood,2,2,1
identifier,derived,2,1,1
identifier,information,2,2,1
identifier,species,2,1,1
illegible,missing,2,1,1
implemented,annual,2,2,1
including,site,2,2,1
indian,alaska,2,1,1
inexact,upper,2,1,1
inferred,gender,2,1,1
information,including,2,2,1
inriver,95,2,1,1
inriver,abundance,2,1,1
intertidal,stream,2,1,1
interval,inriver,2,1,1
inverted,regenerated,2,1,1
issue,description,2,1,1
jurisdiction,latitude,2,1,1
jurisidiction,latitude,2,2,2
kings,observed,2,1,1
knb.ecoinformatics.org,view,2,1,1
kuskokwim,river,2,1,1
lagoon,intertidal,2,1,1
lakes,intersecting,2,1,1
latitude,degrees,2,1,1
latitude,minutes,2,1,1
lcima,district,2,1,1
license,city,2,1,1
loan,fund,2,1,1
local,transferable,2,1,1
located,city,2,2,2
located,region,2,2,2
location,anadromous,2,1,1
location,codes,2,1,1
location,description,2,2,2
location,id,2,1,1
location,latitude,2,2,1
log,record,2,1,1
logger,reading,2,1,1
longitude,360,2,1,1
longitude,degrees,2,1,1
longitude,location,2,2,1
longitude,minutes,2,1,1
longitude,recovery,2,1,1
longitude,release,2,1,1
lower,bound,2,2,1
lower,cook,2,1,1
lower,estimate,2,1,1
lowest,values,2,1,1
major,stream,2,1,1
management,jurisdiction,2,1,1
marked,fish,2,1,1
maturity,recovery,2,1,1
meaning,mesh,2,2,1
meaning,type,2,1,1
measurement,coded,2,1,1
measurement,sasap,2,2,2
missing,reabsorbed,2,1,1
native,people,2,2,2
nearby,streams,2,1,1
negative,longitude,2,1,1
net,type,2,2,2
network,percent,2,1,1
network,percentage,2,1,1
noaa,fishery,2,1,1
nonlocal,transferable,2,1,1
nonresidents,average,2,1,1
north,american,2,2,2
numeric,representation,2,1,1
observation,species,2,2,2
observed,kings,2,1,1
oil,haz,2,1,1
original,release,2,1,1
original,stock,2,1,1
original,wild,2,1,1
otolith,inverted,2,1,1
otter,trawl,2,1,1
pacific,islander,2,1,1
pacific,salmon,2,2,2
parameters,average,2,1,1
pectoral,clip,2,1,1
people,aged,2,1,1
people,total,2,1,1
percent,change,2,2,2
perforation,2,2,1,1
permits,excluding,2,1,1
person,involved,2,1,1
pink,harvested,2,1,1
pounds,harvest,2,1,1
pre,2000,2,1,1
preferred,card,2,1,1
presumed,gender,2,2,2
price,index,2,1,1
probability,quantile,2,1,1
processed,product,2,1,1
processing,identification,2,1,1
processor,count,2,1,1
processor,data,2,1,1
project,code,2,2,2
project,coded,2,1,1
project,column,2,1,1
proposal,additional,2,2,2
proposal,author,2,2,2
proposal,identifier,2,2,2
proposal,numerical,2,1,1
purchase,price,2,1,1
quality,alaska,2,1,1
racs,advocating,2,1,1
racs,supporting,2,1,1
rate,gallons,2,1,1
reabsorbed,wrong,2,1,1
reared,tag,2,1,1
receiving,public,2,1,1
record,identifier,2,1,1
recovery,latitude,2,1,1
recovery,recovery,2,1,1
reformatted,dataset,2,1,1
regenerated,illegible,2,1,1
region,burned,2,1,1
region,identifier,2,2,2
region,max_elevation,2,1,1
region,max_slope,2,1,1
region,percent,2,1,1
region,percentage,2,1,1
region,region,2,1,1
region,river,2,2,1
region,sum,2,1,1
release,1,2,1,1
release,date,2,1,1
release,grams,2,1,1
release,latitude,2,1,1
release,millimeters,2,1,1
release,occurred,2,1,1
releases,dataset,2,1,1
releasing,finished,2,1,1
reported,catching,2,1,1
representation,e.g,2,1,1
resident,guided,2,1,1
residents,aged,2,2,2
residents,average,2,1,1
response,average,2,1,1
ring,counts,2,1,1
road,system,2,1,1
roughly,corresponds,2,1,1
run,sasap,2,1,1
rural,locals,2,1,1
rural,nonlocals,2,1,1
safe,dgf,2,1,1
sales,transactions,2,1,1
salmon,average,2,1,1
salmon,fisheries,2,2,2
saltwater,annuli,2,2,2
sample,event,2,2,2
sample,length,2,2,1
sample,sasap,2,2,2
sampled,commercial,2,2,2
sampled,sex,2,2,2
sasap,location,2,1,1
sasap,researchers,2,1,1
scale,data,2,1,1
scale,sample,2,1,1
sector,commercial,2,2,2
shape,unique,2,1,1
short,description,2,2,2
single,freshwater,2,1,1
site_info.csv,file,2,2,1
sockeye,harvested,2,1,1
sonde,temperature,2,1,1
source,identifer,2,2,2
source,numeric,2,2,2
source,river,2,1,1
southeast,2,2,1,1
species,harvested,2,1,1
species,household,2,1,1
species,species,2,1,1
sport,fishing,2,1,1
sport,harvest,2,1,1
statewide,harvest,2,1,1
statistical,fishing,2,1,1
stock,complex,2,1,1
stock,data,2,2,2
stock,management,2,1,1
stock,ocean,2,2,2
stock,stock,2,1,1
stock,sub.region,2,1,1
storage,tag,2,1,1
strategy,technique,2,1,1
stream,lake,2,1,1
stream,section,2,1,1
subdistrict,code,2,2,2
subdistrict,federal,2,1,1
subdistrict,glennallen,2,1,1
subdistrict,total,2,1,1
subdivision,lot,2,1,1
subsistence,harvested,2,1,1
subsistence,management,2,1,1
sufficient,processor,2,1,1
summary,detail,2,1,1
summer,run,2,2,1
survey,aerial,2,1,1
survey,conditions,2,1,1
survey,escapement,2,1,1
survey,percent,2,1,1
survey,weir,2,1,1
surveyed,region,2,1,1
system,code,2,1,1
system,commercial,2,1,1
system,location,2,2,2
system,river,2,1,1
system,series,2,1,1
tables,format,2,1,1
tag,inserted,2,1,1
tagged,code,2,1,1
thermally,marked,2,1,1
time,alaska,2,1,1
total,female,2,1,1
total,inriver,2,1,1
total,male,2,1,1
total,run,2,1,1
total,white,2,1,1
transfers,standard,2,1,1
transplanted,fish,2,1,1
tributaries,comprising,2,1,1
type,angler,2,1,1
type,freshwater,2,1,1
type,screen,2,1,1
type,type,2,2,1
ugf,aslc,2,1,1
ugf,gf,2,1,1
unique,data,2,2,2
unknown,character,2,1,1
unrelated,individuals,2,1,1
upper,bound,2,2,1
upper,estimate,2,1,1
upper,middle,2,1,1
urban,locals,2,1,1
urban,nonlocals,2,1,1
urn:uuid,6329b75d,2,1,1
values,exist,2,1,1
ventral,clip,2,1,1
vessel,weight,2,1,1
view,urn:uuid,2,1,1
violation,description,2,1,1
water,type,2,1,1
watershed,burned,2,1,1
watershed,max_elevation,2,1,1
watershed,max_slope,2,1,1
weight,lbs,2,1,1
weir,video,2,1,1
westward,4,2,1,1
wholesale,product,2,1,1
wholesale,production,2,1,1
wild,brood,2,1,1
wild,broodstock,2,1,1
wire,tags,2,1,1
workers,aged,2,1,1
workers,recorded,2,1,1
wrong,species,2,1,1
wtr,fd,2,1,1
yukon,kuskokwim,2,1,1
0,serial,1,1,1
0.6,recruits,1,1,1
01,date,1,1,1
01,ocean,1,1,1
1,5,1,1,1
1,excellent,1,1,1
1,falls,1,1,1
1.6,recruits,1,1,1
10,distance,1,1,1
100,civilian,1,1,1
100,civilians,1,1,1
100,population,1,1,1
100,total,1,1,1
11,distance,1,1,1
12,distance,1,1,1
13,distance,1,1,1
14,distance,1,1,1
15,01,1,1,1
15,distance,1,1,1
16,distance,1,1,1
17,distance,1,1,1
18,distance,1,1,1
180,degrees,1,1,1
19,distance,1,1,1
1985,estimated,1,1,1
2,distance,1,1,1
2,start,1,1,1
2,stop,1,1,1
20,distance,1,1,1
2001,annual,1,1,1
2002,annual,1,1,1
2003,annual,1,1,1
2004,annual,1,1,1
2005,annual,1,1,1
2006,annual,1,1,1
2009,annual,1,1,1
2010,annual,1,1,1
2011,annual,1,1,1
2012,annual,1,1,1
2013,annual,1,1,1
2014,annual,1,1,1
2015,true,1,1,1
2016,living,1,1,1
2016,percentage,1,1,1
2016,region,1,1,1
2016,sasap,1,1,1
2017,date,1,1,1
2017,dollars,1,1,1
2018,commercial,1,1,1
2018,lcima,1,1,1
21,distance,1,1,1
21,permit,1,1,1
22,distance,1,1,1
23,distance,1,1,1
24,distance,1,1,1
25,distance,1,1,1
26,distance,1,1,1
27,distance,1,1,1
28,distance,1,1,1
29,distance,1,1,1
3,distance,1,1,1
3,letter,1,1,1
3,people,1,1,1
3,sec,1,1,1
30,distance,1,1,1
30,permit,1,1,1
31,distance,1,1,1
32,distance,1,1,1
33,distance,1,1,1
34,distance,1,1,1
35,distance,1,1,1
36,distance,1,1,1
37,distance,1,1,1
38,distance,1,1,1
39,distance,1,1,1
4,distance,1,1,1
4.1,age,1,1,1
4.2,age,1,1,1
4.3,age,1,1,1
40,distance,1,1,1
40,permit,1,1,1
41,distance,1,1,1
42,distance,1,1,1
5,distance,1,1,1
5,probability,1,1,1
5,species,1,1,1
5,unsatisfactory,1,1,1
50,permit,1,1,1
52,statistical,1,1,1
6,distance,1,1,1
60,permit,1,1,1
60,total,1,1,1
7,days,1,1,1
7,distance,1,1,1
8,action,1,1,1
8,distance,1,1,1
9,distance,1,1,1
95,lower,1,1,1
95,percent,1,1,1
95,probability,1,1,1
95,upper,1,1,1
aac,fund,1,1,1
aacts,fund,1,1,1
abbreivation,management,1,1,1
absent,list,1,1,1
absolute,difference,1,1,1
abstaining,position,1,1,1
abundance,inriver,1,1,1
abundance,minus,1,1,1
abundance,total,1,1,1
accumulative,count,1,1,1
accumulative,hours:minutes:seconds,1,1,1
acpe,rcpts,1,1,1
action,carried,1,1,1
action,date,1,1,1
active,date,1,1,1
active,fish,1,1,1
active,management,1,1,1
active,sensor,1,1,1
actively,seeking,1,1,1
activity,location,1,1,1
ad,adipose,1,1,1
adak,air,1,1,1
additional,comments,1,1,1
additional,mark,1,1,1
additional,source,1,1,1
additions,cook,1,1,1
address,fishery,1,1,1
addressing,unique,1,1,1
adfg,anadromous,1,1,1
adfg,codes,1,1,1
adfg,data,1,1,1
adfg,habitat,1,1,1
adfg,offshore,1,1,1
adfg,vessel,1,1,1
adipose,clip,1,1,1
adiwg,domain,1,1,1
adiwg,list,1,1,1
adjusted,earnings,1,1,1
admin,fed,1,1,1
adults,counted,1,1,1
advisory,committee,1,1,1
advisory,panel,1,1,1
aea,rcpts,1,1,1
affect,temperature,1,1,1
affected,quot,1,1,1
african,american,1,1,1
african,languages,1,1,1
afsc,rcpts,1,1,1
age,0.6,1,1,1
age,1.6,1,1,1
age,21,1,1,1
age,sex,1,1,1
agency,bru,1,1,1
agency,ordinal,1,1,1
agency,short,1,1,1
agenda,office,1,1,1
aggregated,catch,1,1,1
agric,rlf,1,1,1
ahcc,ugf,1,1,1
ahfc,div,1,1,1
ahfc,rcpts,1,1,1
aid,fed,1,1,1
aidea,div,1,1,1
aidea,rcpt,1,1,1
aipp,fund,1,1,1
air,fed,1,1,1
ak,cap,1,1,1
al,drg,1,1,1
alaska,code,1,1,1
alaska,commission,1,1,1
alaska,directly,1,1,1
alaska,goa,1,1,1
alaska,marine,1,1,1
alaska,processing,1,1,1
alaska,region,1,1,1
alaska,sasap,1,1,1
alaska,statues,1,1,1
alaska,unique,1,1,1
alaska's,anadromous,1,1,1
alaskan,native,1,1,1
alaskan,resident,1,1,1
alaskas,salmon,1,1,1
aleut,people,1,1,1
allowing,surface,1,1,1
alt,energy,1,1,1
alternate,community,1,1,1
alternate,region,1,1,1
alternate,stream,1,1,1
alternates,voting,1,1,1
ama,active,1,1,1
ambb,rcpts,1,1,1
american,industry,1,1,1
american,languages,1,1,1
american,people,1,1,1
amount,appropriated,1,1,1
amount,approprtated,1,1,1
amount,attempting,1,1,1
amount,designated,1,1,1
anadromous,species,1,1,1
anal,fin,1,1,1
analysis,based,1,1,1
anchorage,consumer,1,1,1
annual,average,1,1,1
annual,count,1,1,1
annual,management,1,1,1
annual,net,1,1,1
annual,report,1,1,1
ans,region,1,1,1
aogcc,rct,1,1,1
applies,estimated,1,1,1
appointed,date,1,1,1
appointment,alternates,1,1,1
appropriation,amount,1,1,1
apuc,rcpts,1,1,1
arrest,closed,1,1,1
arrestee,abbreviation,1,1,1
asian,languages,1,1,1
asl_formatting_bristolbay.r,fake,1,1,1
asl_formatting_bristolbay.r,type,1,1,1
aslc,bonds,1,1,1
aslc,div,1,1,1
assistance,labor,1,1,1
assistance,percent,1,1,1
assistance,sasap,1,1,1
assistance,total,1,1,1
association,city,1,1,1
attempted,completed,1,1,1
attributes,auto,1,1,1
attributes,existing,1,1,1
attributes,minimum,1,1,1
auc,bcls,1,1,1
auc,calculation,1,1,1
auc,indices,1,1,1
auc,peak,1,1,1
authorization,total,1,1,1
authorized,admin,1,1,1
authorized,status,1,1,1
automated,interval,1,1,1
average,age,1,1,1
average,chinook,1,1,1
average,chum,1,1,1
average,date,1,1,1
average,exvessel,1,1,1
average,permit,1,1,1
average,sockeye,1,1,1
average,wholesale,1,1,1
awt,troopers,1,1,1
balance,city,1,1,1
bank,cfec,1,1,1
bank,department,1,1,1
bank,total,1,1,1
barren,islands,1,1,1
basin,distance,1,1,1
bay,count,1,1,1
bcls,bay,1,1,1
beach,seine,1,1,1
beam,trawl,1,1,1
bedrock,ft,1,1,1
bias,information,1,1,1
biological,sex,1,1,1
black,populaiton,1,1,1
blank,license,1,1,1
bldg,dgf,1,1,1
bldg,safe,1,1,1
blic,corp,1,1,1
board,chair,1,1,1
boat,rcpts,1,1,1
body,ad,1,1,1
body,weight,1,1,1
born,foreign,1,1,1
bridg,dgf,1,1,1
bru,appropriation,1,1,1
bs,sasap,1,1,1
budget,component,1,1,1
budget,composer,1,1,1
budget,enactment,1,1,1
budget,rdu,1,1,1
budget,villages,1,1,1
buildings,expenses,1,1,1
built,length,1,1,1
bulk,fuel,1,1,1
bus,dgf,1,1,1
c1,distance,1,1,1
calculated,annually,1,1,1
canada,latitude,1,1,1
canadian,province,1,1,1
canadian,road,1,1,1
cap,fnd,1,1,1
capita,95,1,1,1
capstone,dgf,1,1,1
capture,sampled,1,1,1
card,biological,1,1,1
care,dgf,1,1,1
casing,diameter,1,1,1
casing,ft,1,1,1
casing,inches,1,1,1
casing,sticks,1,1,1
casing,thickness,1,1,1
casings,level,1,1,1
catalog,stream,1,1,1
catch,comparisons,1,1,1
catch,statistical,1,1,1
catch,values,1,1,1
catcher,vessel,1,1,1
categories,negative,1,1,1
category,assigned,1,1,1
category,class,1,1,1
cbr,fund,1,1,1
cdfo,faj,1,1,1
celsius,tiered,1,1,1
census,bureau,1,1,1
census,survey,1,1,1
ces,dgf,1,1,1
cfec,directly,1,1,1
cfec,fishery,1,1,1
cfec,rcpts,1,1,1
cfec,total,1,1,1
cfp,dgf,1,1,1
chair,town,1,1,1
changed,category,1,1,1
changed,title,1,1,1
character,code,1,1,1
charge,attempted,1,1,1
charged,suspect,1,1,1
charter,vessel,1,1,1
charterrlf,dgf,1,1,1
child,care,1,1,1
childtrern,dgf,1,1,1
childtrprn,dgf,1,1,1
chinese,population,1,1,1
chinook,sockeye,1,1,1
chinook_early,chinook_normal,1,1,1
chinook_goal,response,1,1,1
chinook_goal_achieved,response,1,1,1
chinook_late,responses,1,1,1
chum_early,chum_normal,1,1,1
chum_goal,response,1,1,1
chum_goal_achieved,response,1,1,1
chum_late,responses,1,1,1
cip,dgf,1,1,1
cip,rcpts,1,1,1
circuli,1,1,1,1
circuli,43,1,1,1
circuli,c1,1,1,1
city,address,1,1,1
city,census,1,1,1
city,council,1,1,1
city,latitude,1,1,1
civilian,employed,1,1,1
civilians,labor,1,1,1
civilians,unemployed,1,1,1
clade,codes,1,1,1
class,description,1,1,1
classification,system,1,1,1
clean,air,1,1,1
clearance,type,1,1,1
clip,code,1,1,1
clip,lp,1,1,1
clip,lv,1,1,1
clip,rp,1,1,1
clip,rv,1,1,1
cln,wtr,1,1,1
cm,fish,1,1,1
coar,reports,1,1,1
coast,gaurd,1,1,1
code,additional,1,1,1
code,address,1,1,1
code,assigned,1,1,1
code,classification,1,1,1
code,comprises,1,1,1
code,country,1,1,1
code,creator,1,1,1
code,current,1,1,1
code,date,1,1,1
code,denoting,1,1,1
code,description,1,1,1
code,documents,1,1,1
code,extracted,1,1,1
code,geographic,1,1,1
code,permit,1,1,1
code,previously,1,1,1
code,primary,1,1,1
code,region,1,1,1
code,section,1,1,1
code,subdistrict,1,1,1
code,subsection,1,1,1
code,swhs,1,1,1
code,type,1,1,1
code,water,1,1,1
codes,processing,1,1,1
coding,database,1,1,1
coding,defaults,1,1,1
coding,flag,1,1,1
coding,rubric,1,1,1
coho,pink,1,1,1
collected,card,1,1,1
collected,daily,1,1,1
collected,data,1,1,1
collected,date,1,1,1
collected,description,1,1,1
collected,id,1,1,1
collected,industry,1,1,1
collected,mesh,1,1,1
collected,numeric,1,1,1
collected,origin,1,1,1
collected,project,1,1,1
collected,sex,1,1,1
collected,species,1,1,1
collected,surrounding,1,1,1
collection,adfg,1,1,1
column,type,1,1,1
combined,code,1,1,1
comm,fed,1,1,1
comma,separated,1,1,1
comment,entered,1,1,1
comments,opposing,1,1,1
comments,source.id,1,1,1
comments,statistical,1,1,1
commercial,catch,1,1,1
commercial,fishery,1,1,1
commercial,operator's,1,1,1
commercial,permit,1,1,1
commercial,sector,1,1,1
commercial,sport,1,1,1
commission,commercial,1,1,1
commission,psmfc,1,1,1
commission,status,1,1,1
commissioned,awt,1,1,1
commissioned,positions,1,1,1
commname,latitude,1,1,1
commodities,equipment,1,1,1
common,english,1,1,1
common,names,1,1,1
communities,involved,1,1,1
communities,represented,1,1,1
community,city,1,1,1
community,community,1,1,1
community,connected,1,1,1
community,latitude,1,1,1
community,resides,1,1,1
community,sasap,1,1,1
community,type,1,1,1
company,blank,1,1,1
completed,method,1,1,1
completed,unfounded,1,1,1
completion,status,1,1,1
complex,common,1,1,1
complex,mid,1,1,1
component,office,1,1,1
component,program,1,1,1
composer,total,1,1,1
comprehensive,0,1,1,1
conditions,experienced,1,1,1
conducted,code,1,1,1
conducted,common,1,1,1
conducted,region,1,1,1
confidence,limit,1,1,1
confidential,data,1,1,1
consent,agenda,1,1,1
consolidated,permitted,1,1,1
content,species,1,1,1
content,translation,1,1,1
continent,recovery,1,1,1
continuous,measurements,1,1,1
contractual,expenses,1,1,1
control,flag,1,1,1
controlled,vocabulary,1,1,1
conversion,factor,1,1,1
cook,inletkeeper,1,1,1
coordinates,main,1,1,1
coordinates,represent,1,1,1
copper,river,1,1,1
copy,rc,1,1,1
copy,survey,1,1,1
corp,dgf,1,1,1
corp,rcpts,1,1,1
corporation,community,1,1,1
corr,ind,1,1,1
correlating,information,1,1,1
cost,recovery,1,1,1
council,member's,1,1,1
count,accumulative,1,1,1
count,auc,1,1,1
count,description,1,1,1
count,latitude,1,1,1
count,original,1,1,1
count,region,1,1,1
count,river,1,1,1
counted,auto,1,1,1
counted,decimal,1,1,1
counted,e.g,1,1,1
counted,escapement,1,1,1
counted,live,1,1,1
counted,notes,1,1,1
counted,scientific,1,1,1
counted,survey,1,1,1
counting,individual,1,1,1
country,address,1,1,1
country,recovery,1,1,1
counts,common,1,1,1
cquota,rlf,1,1,1
creation,editor,1,1,1
crim,dgf,1,1,1
crime,vcf,1,1,1
cross,referencing,1,1,1
cssd,admin,1,1,1
cssd,fed,1,1,1
cumulative,annual,1,1,1
cumulative,spawning,1,1,1
cumulative,total,1,1,1
current,owner,1,1,1
current,stream,1,1,1
curve,comments,1,1,1
cwf,bond,1,1,1
daily,streamflow,1,1,1
data,average,1,1,1
data,blank,1,1,1
data,corresponds,1,1,1
data,e.g,1,1,1
data,entry,1,1,1
data,initial,1,1,1
data,median,1,1,1
data,percentage,1,1,1
data,prior,1,1,1
data,provider,1,1,1
data,release,1,1,1
data,river,1,1,1
data,run,1,1,1
data,sasap,1,1,1
data,sector,1,1,1
data,site,1,1,1
data,weight,1,1,1
database,source,1,1,1
datalogger,unique,1,1,1
dataset,awc,1,1,1
dataset,creation,1,1,1
dataset,editing,1,1,1
dataset,location,1,1,1
dataset,reformatted,1,1,1
dataset,sasap,1,1,1
date,active,1,1,1
date,column,1,1,1
date,date,1,1,1
date,engine,1,1,1
date,geometry,1,1,1
date,incident,1,1,1
date,loan,1,1,1
date,month,1,1,1
date,permit,1,1,1
date,spot,1,1,1
date,stating,1,1,1
date,statistical,1,1,1
date,type,1,1,1
date,whhen,1,1,1
dateline,day,1,1,1
dateline,inpfc,1,1,1
dateline,longitude,1,1,1
day,date,1,1,1
day,location,1,1,1
day,species,1,1,1
december,31,1,1,1
declaration,additional,1,1,1
declaration,region,1,1,1
declarations,comma,1,1,1
deed,cip,1,1,1
defer,list,1,1,1
defined,ama,1,1,1
degree,latitude,1,1,1
degrees,blanks,1,1,1
degrees,horizontal,1,1,1
demarcate,amount,1,1,1
depth,ft,1,1,1
description,action,1,1,1
description,auto,1,1,1
descriptions,awt,1,1,1
desig,dgf,1,1,1
detail,amount,1,1,1
detail,rows,1,1,1
detailed,information,1,1,1
details,short,1,1,1
determine,sex,1,1,1
determined,anadromous,1,1,1
determined,monthly,1,1,1
dev,dgf,1,1,1
development,method,1,1,1
dfa,svc,1,1,1
dgf,aacts,1,1,1
dgf,adak,1,1,1
dgf,adrf,1,1,1
dgf,afsc,1,1,1
dgf,agric,1,1,1
dgf,ahfc,1,1,1
dgf,alt,1,1,1
dgf,apuc,1,1,1
dgf,bldg,1,1,1
dgf,bulk,1,1,1
dgf,capstone,1,1,1
dgf,cbr,1,1,1
dgf,cfec,1,1,1
dgf,charterrlf,1,1,1
dgf,child,1,1,1
dgf,cip,1,1,1
dgf,cm,1,1,1
dgf,corp,1,1,1
dgf,corr,1,1,1
dgf,cquota,1,1,1
dgf,drk,1,1,1
dgf,dwf,1,1,1
dgf,evos,1,1,1
dgf,fish,1,1,1
dgf,fishen,1,1,1
dgf,fishfndinc,1,1,1
dgf,gamble,1,1,1
dgf,gifts,1,1,1
dgf,grain,1,1,1
dgf,hist,1,1,1
dgf,ia,1,1,1
dgf,info,1,1,1
dgf,intaptcons,1,1,1
dgf,invst,1,1,1
dgf,itb,1,1,1
dgf,itbendearn,1,1,1
dgf,jud,1,1,1
dgf,mariculrlf,1,1,1
dgf,mhtaar,1,1,1
dgf,micro,1,1,1
dgf,mining,1,1,1
dgf,npr,1,1,1
dgf,ocn,1,1,1
dgf,pce,1,1,1
dgf,pfc,1,1,1
dgf,pub,1,1,1
dgf,pwr,1,1,1
dgf,rcpt,1,1,1
dgf,rcs,1,1,1
dgf,ren,1,1,1
dgf,res,1,1,1
dgf,rev,1,1,1
dgf,rhif,1,1,1
dgf,rural,1,1,1
dgf,sbed,1,1,1
dgf,sec,1,1,1
dgf,shore,1,1,1
dgf,specvehrct,1,1,1
dgf,stimulus09,1,1,1
dgf,surpl,1,1,1
dgf,tank,1,1,1
dgf,timber,1,1,1
dgf,tob,1,1,1
dgf,tour,1,1,1
dgf,trng,1,1,1
dgf,vehrntltax,1,1,1
dgf,vessel,1,1,1
dgf,vets,1,1,1
dgf,wrkrs,1,1,1
diameter,inches,1,1,1
digit,adf,1,1,1
digit,numeric,1,1,1
digit,stararea,1,1,1
direction,360,1,1,1
direction,degrees,1,1,1
directly,affected,1,1,1
disaster,additional,1,1,1
disaster,declarations,1,1,1
disaster,determination,1,1,1
disaster,request,1,1,1
disaster,roughly,1,1,1
disaster,webpage,1,1,1
disaster,website,1,1,1
discharge,rate,1,1,1
discrete,monitoring,1,1,1
disinfection,comments,1,1,1
dispatch,type,1,1,1
dist,dgf,1,1,1
district,alaska,1,1,1
district,chitina,1,1,1
district,code,1,1,1
district,codes,1,1,1
district,commercial,1,1,1
district,daily,1,1,1
district,donated,1,1,1
district,educational,1,1,1
district,homepack,1,1,1
district,id,1,1,1
district,location,1,1,1
district,species,1,1,1
district,subsistence,1,1,1
diving,hand,1,1,1
dollar,price,1,1,1
dollars,median,1,1,1
dollars,original,1,1,1
dollars,unadjusted,1,1,1
domain,list,1,1,1
domestic,violence,1,1,1
donat,comm,1,1,1
donated,harvest,1,1,1
dorsal,fin,1,1,1
double,otter,1,1,1
dredge,mechanical,1,1,1
drg,rlf,1,1,1
drift,gill,1,1,1
drilled,ft,1,1,1
drilled,region,1,1,1
driller,date,1,1,1
driller,location,1,1,1
driller,subdivision,1,1,1
drilling,completed,1,1,1
drilling,method,1,1,1
drilling,started,1,1,1
drk,wtr,1,1,1
dst,agency,1,1,1
duplicate,combinations,1,1,1
dv,rlf,1,1,1
dwf,bond,1,1,1
e.g,hatchery,1,1,1
earliest,date,1,1,1
ed,ces,1,1,1
edit,status,1,1,1
editing,comments,1,1,1
educ,loan,1,1,1
effective,date,1,1,1
elec,dgf,1,1,1
elect,svc,1,1,1
election,district,1,1,1
emergency,workers,1,1,1
employed,civilian,1,1,1
employed,female,1,1,1
employed,male,1,1,1
employed,total,1,1,1
enabled,recorder,1,1,1
enactment,fiscal,1,1,1
engine,hull,1,1,1
enrgy,ugf,1,1,1
entered,date,1,1,1
entered,fake,1,1,1
entering,data,1,1,1
entry,commission,1,1,1
environmental,conditions,1,1,1
equipment,expenses,1,1,1
era,dgf,1,1,1
error,chitina,1,1,1
error,glennallen,1,1,1
error,information,1,1,1
error,inriver,1,1,1
error,sport,1,1,1
escapement,2001,1,1,1
escapement,2002,1,1,1
escapement,2003,1,1,1
escapement,2004,1,1,1
escapement,2005,1,1,1
escapement,2006,1,1,1
escapement,2010,1,1,1
escapement,2011,1,1,1
escapement,2012,1,1,1
escapement,2013,1,1,1
escapement,2014,1,1,1
escapement,2015,1,1,1
escapement,estimate,1,1,1
escapement,harvest,1,1,1
escapement,occurred,1,1,1
escapement,values,1,1,1
eskimo,aleut,1,1,1
eskimo,people,1,1,1
estimate,final,1,1,1
estimated,cumulative,1,1,1
estimated,gross,1,1,1
european,languages,1,1,1
event,data,1,1,1
event,information,1,1,1
evos,rest,1,1,1
evos,trust,1,1,1
exact,location,1,1,1
existing,identifier,1,1,1
existing,regulation,1,1,1
expand,auc,1,1,1
expansion,factor,1,1,1
expenses,commodities,1,1,1
expenses,contractual,1,1,1
expenses,lands,1,1,1
exreg,existing,1,1,1
exvessel,price,1,1,1
facilitate,counting,1,1,1
facilitates,aggregated,1,1,1
fake,individual,1,1,1
fake,sample,1,1,1
families,civilian,1,1,1
families,residing,1,1,1
families,total,1,1,1
family,income,1,1,1
family,individuals,1,1,1
fed,ahcc,1,1,1
fed,cln,1,1,1
fed,cssd,1,1,1
fed,donat,1,1,1
fed,fed,1,1,1
fed,nat,1,1,1
fed,rcpts,1,1,1
fed,seniorcare,1,1,1
fed,teach,1,1,1
fed,univ,1,1,1
fed,unrstr,1,1,1
fed,vessel,1,1,1
female,populaiton,1,1,1
females,employed,1,1,1
ferry,system,1,1,1
fica,acct,1,1,1
file,code,1,1,1
file,named,1,1,1
file,naming,1,1,1
file,stock,1,1,1
filename,location,1,1,1
final,action,1,1,1
final,approval,1,1,1
final,escapement,1,1,1
final,product,1,1,1
finer,scale,1,1,1
fish,5,1,1,1
fish,camp,1,1,1
fish,comments,1,1,1
fish,data,1,1,1
fish,district,1,1,1
fish,fund,1,1,1
fish,game,1,1,1
fish,industry,1,1,1
fish,ln,1,1,1
fish,location,1,1,1
fish,month,1,1,1
fish,observation,1,1,1
fish,personal,1,1,1
fish,prior,1,1,1
fish,source,1,1,1
fish,specification,1,1,1
fish,wheel,1,1,1
fished,gear,1,1,1
fished,species,1,1,1
fishen,rlf,1,1,1
fisheries,commission,1,1,1
fisheries,covered,1,1,1
fisheries,date,1,1,1
fisheries,entry,1,1,1
fisheries,proposal,1,1,1
fisheries,salmon,1,1,1
fisheries,utilize,1,1,1
fishery,caught,1,1,1
fishery,cfec,1,1,1
fishery,department,1,1,1
fishery,location,1,1,1
fishery,permits,1,1,1
fishery,sasap,1,1,1
fishery,type,1,1,1
fishfndinc,dgf,1,1,1
fishing,location,1,1,1
fishing,period,1,1,1
fishing,permit,1,1,1
fishing,vessel,1,1,1
fit,easily,1,1,1
flag,indicating,1,1,1
force,participation,1,1,1
force,unemployed,1,1,1
foreign,address,1,1,1
format,fp,1,1,1
format,mm,1,1,1
format,term,1,1,1
formula,description,1,1,1
found,date,1,1,1
found,detailed,1,1,1
found,ocean,1,1,1
fourth,quarter,1,1,1
fp,15,1,1,1
fp,fisheries,1,1,1
freezer,canner,1,1,1
french,including,1,1,1
fri,data,1,1,1
fsb,coding,1,1,1
ft,3,1,1,1
ft,date,1,1,1
ft,depth,1,1,1
ft,grout,1,1,1
ft,length,1,1,1
ft,level,1,1,1
ft,note,1,1,1
ft,stop,1,1,1
fuel,bridg,1,1,1
fuel,capacity,1,1,1
fuel,dgf,1,1,1
fund,fed,1,1,1
fund,loan,1,1,1
fund,numeric,1,1,1
fund,ugf,1,1,1
gamble,tax,1,1,1
game,recommendation,1,1,1
game,region,1,1,1
gaurd,id,1,1,1
gear,information,1,1,1
gear,location,1,1,1
gen,fund,1,1,1
generalized,commercial,1,1,1
geometry,start,1,1,1
germanic,languages,1,1,1
gf,desig,1,1,1
gf,mh,1,1,1
gf,mhtia,1,1,1
gf,misearn,1,1,1
gf,prgm,1,1,1
gifts,grnt,1,1,1
gob,dsfund,1,1,1
gonad,weight,1,1,1
gps,enabled,1,1,1
grain,fund,1,1,1
grams,error,1,1,1
grams,freshwater,1,1,1
grants,miscellaneous,1,1,1
gravel,pack,1,1,1
ground,ft,1,1,1
groundfish,harvests,1,1,1
grout,volume,1,1,1
habitat,division,1,1,1
hand,picking,1,1,1
hand,troll,1,1,1
happened,category,1,1,1
hard,copy,1,1,1
harest,total,1,1,1
harvest,catch,1,1,1
harvest,divided,1,1,1
harvest,escapement,1,1,1
harvest,inriver,1,1,1
harvest,median,1,1,1
harvest,occurred,1,1,1
harvest,percent,1,1,1
harvest,placeholder,1,1,1
harvest,project,1,1,1
harvest,rate,1,1,1
harvest,salmon,1,1,1
harvest,species,1,1,1
harvest,type,1,1,1
harvest,unique,1,1,1
harvested,average,1,1,1
harvested,fish,1,1,1
harvested,latitude,1,1,1
harvested,percent,1,1,1
harvested,residency,1,1,1
harvests,salmon,1,1,1
hatchery,region,1,1,1
hatchery,special,1,1,1
haz,fd,1,1,1
held,meeting,1,1,1
held,month,1,1,1
hemisphere,latitude,1,1,1
herring,gill,1,1,1
hist,dist,1,1,1
history,description,1,1,1
holder,clade,1,1,1
holder,county,1,1,1
holder,date,1,1,1
holder,lies,1,1,1
holder,middle,1,1,1
holder,purchase,1,1,1
holder,resident,1,1,1
holder,suffix,1,1,1
holder,type,1,1,1
holder,unique,1,1,1
holder,vendor,1,1,1
holders,observed,1,1,1
holding,tank,1,1,1
hole,drilled,1,1,1
homepack,donated,1,1,1
homepack,harvest,1,1,1
horse,power,1,1,1
hours,pump,1,1,1
house,loan,1,1,1
household,income,1,1,1
household,median,1,1,1
households,avg,1,1,1
housing,units,1,1,1
hull,type,1,1,1
human,observer,1,1,1
hwy,dgf,1,1,1
i.e,address,1,1,1
ia,oil,1,1,1
icr,dgf,1,1,1
id,commercial,1,1,1
id,commonly,1,1,1
id,geometry,1,1,1
id,iin,1,1,1
id,registration,1,1,1
id,section,1,1,1
id,shape,1,1,1
id,subdistrict,1,1,1
id,subsection,1,1,1
id,total,1,1,1
id,water,1,1,1
identifier,comments,1,1,1
identifier,latitude,1,1,1
identifier,method,1,1,1
identifier,principal,1,1,1
identifier,typically,1,1,1
identifier,unique,1,1,1
identifies,rows,1,1,1
identifies,spatial,1,1,1
identify,incident,1,1,1
identify,individual,1,1,1
identify,sampling,1,1,1
iin,international,1,1,1
image,date,1,1,1
impact,aid,1,1,1
inadequate,sasap,1,1,1
inches,casing,1,1,1
inches,depth,1,1,1
inches,method,1,1,1
inches,note,1,1,1
inches,perforation,1,1,1
incident,date,1,1,1
incident,identifier,1,1,1
incident,internal,1,1,1
incident,sector,1,1,1
incident,violation,1,1,1
includes,information,1,1,1
including,patois,1,1,1
including,target,1,1,1
income,0,1,1,1
ind,dgf,1,1,1
index,station,1,1,1
index,streams,1,1,1
index,united,1,1,1
indian,alaskan,1,1,1
indian,eskimo,1,1,1
indian,population,1,1,1
indic,language,1,1,1
indic,languages,1,1,1
indicating,issues,1,1,1
individual,code,1,1,1
individual,fish,1,1,1
individual,gauging,1,1,1
individual,permit,1,1,1
individual,salmon,1,1,1
individual,sample,1,1,1
individual,stream,1,1,1
individuals,counted,1,1,1
individuals,labor,1,1,1
indo,european,1,1,1
industry,categorization,1,1,1
industry,classification,1,1,1
inexact,pounds,1,1,1
info,file,1,1,1
info,svc,1,1,1
info,table,1,1,1
information,dates,1,1,1
information,identifies,1,1,1
information,lines,1,1,1
information,pertaining,1,1,1
information,produced,1,1,1
information,type,1,1,1
information,typically,1,1,1
injury,dgf,1,1,1
inlet,management,1,1,1
inpfc,2,1,1,1
inriver,coefficient,1,1,1
inriver,standard,1,1,1
inserted,code,1,1,1
inserted,total,1,1,1
insurance,claimants,1,1,1
intake,depth,1,1,1
internal,code,1,1,1
internal,coding,1,1,1
internal,identification,1,1,1
internal,identifier,1,1,1
international,join,1,1,1
intersecting,region,1,1,1
intersecting,watershed,1,1,1
investigation,closed,1,1,1
invst,loss,1,1,1
island,languages,1,1,1
islands,district,1,1,1
issued,cfec,1,1,1
issued,code,1,1,1
issued,commercial,1,1,1
issued,permit,1,1,1
issued,permits,1,1,1
issued,species,1,1,1
issued,unknown,1,1,1
issues,assigning,1,1,1
itb,endow,1,1,1
itbendearn,dgf,1,1,1
jan,adfg,1,1,1
japanese,population,1,1,1
jig,double,1,1,1
job,percent,1,1,1
join,commission,1,1,1
jud,retire,1,1,1
judicial,district,1,1,1
kilograms,age,1,1,1
kilometers,distance,1,1,1
kurile,islands,1,1,1
kuskokwim,alaska,1,1,1
kuskokwim,location,1,1,1
label,edit,1,1,1
label,location,1,1,1
label,region,1,1,1
lake,common,1,1,1
land,dgf,1,1,1
land,owner,1,1,1
lands,buildings,1,1,1
latitude,code,1,1,1
latitude,hemisphere,1,1,1
latitude,location,1,1,1
latitude,release,1,1,1
lcima,index,1,1,1
left,pectoral,1,1,1
left,ventral,1,1,1
length,casing,1,1,1
length,salt,1,1,1
length,samples,1,1,1
length,shape,1,1,1
letter,code,1,1,1
level,identifier,1,1,1
level,pump,1,1,1
license,category,1,1,1
license,type,1,1,1
line,otter,1,1,1
line,population,1,1,1
line,segments,1,1,1
liner,diameter,1,1,1
liner,inches,1,1,1
list,time,1,1,1
listed,civilian,1,1,1
live,tank,1,1,1
lives,governor,1,1,1
ln,dgf,1,1,1
loa,lack,1,1,1
loan,dgf,1,1,1
loan,maturity,1,1,1
loan,term,1,1,1
loan,type,1,1,1
local,government,1,1,1
located,adf,1,1,1
located,alternate,1,1,1
located,river,1,1,1
located,sasap,1,1,1
located,source,1,1,1
located,standard,1,1,1
location,abbreivation,1,1,1
location,block,1,1,1
location,city,1,1,1
location,date,1,1,1
location,district,1,1,1
location,history,1,1,1
location,location,1,1,1
location,locationf,1,1,1
location,lot,1,1,1
location,male,1,1,1
location,map,1,1,1
location,median,1,1,1
location,parent,1,1,1
location,recovery,1,1,1
location,region,1,1,1
location,river,1,1,1
location,species,1,1,1
location,statewide,1,1,1
location,takes,1,1,1
location,target,1,1,1
location,tract,1,1,1
location,type,1,1,1
location_filename,location,1,1,1
locationcode,commercial,1,1,1
locationcode,location,1,1,1
locationf,commercial,1,1,1
locationf,file,1,1,1
locations,district,1,1,1
logistic,function,1,1,1
longitude,180,1,1,1
longitude,source.id,1,1,1
loss,ugf,1,1,1
lot,block,1,1,1
lower,48,1,1,1
lower,confidence,1,1,1
lower,represents,1,1,1
lower,stock,1,1,1
lp,left,1,1,1
lv,left,1,1,1
main,means,1,1,1
major,road,1,1,1
male,percent,1,1,1
males,employed,1,1,1
males,median,1,1,1
management,office,1,1,1
management,purpose,1,1,1
management,recommendation,1,1,1
management,report,1,1,1
mapped,location,1,1,1
mariculrlf,dgf,1,1,1
marine,fisheries,1,1,1
marine,highway,1,1,1
marine,hwy,1,1,1
mark,identifier,1,1,1
match,ugf,1,1,1
matches,source.id,1,1,1
matching,description,1,1,1
maturity,date,1,1,1
maximum,1993,1,1,1
maximum,2009,1,1,1
maximum,daily,1,1,1
meaning,date,1,1,1
measure,fish,1,1,1
measurement,absolute,1,1,1
measurement,date,1,1,1
measurement,hobo,1,1,1
measurement,location,1,1,1
measurement,minus,1,1,1
measurement,source,1,1,1
measurement,species,1,1,1
measurements,collected,1,1,1
measurements,maximum,1,1,1
measurements,recorded,1,1,1
measuring,environmental,1,1,1
mechanical,jig,1,1,1
median,family,1,1,1
median,household,1,1,1
median,weight,1,1,1
meeting,description,1,1,1
meeting,designation,1,1,1
meeting,duration,1,1,1
meeting,happened,1,1,1
meeting,occurred,1,1,1
meeting,started,1,1,1
meeting,statute,1,1,1
meetings,held,1,1,1
member's,association,1,1,1
meridian,township,1,1,1
method,duration,1,1,1
mh,ugf,1,1,1
mht,admin,1,1,1
micro,rlf,1,1,1
mid,eye,1,1,1
mid,level,1,1,1
middle,initial,1,1,1
miles,comments,1,1,1
miles,distance,1,1,1
military,labor,1,1,1
millimeters,card,1,1,1
millimeters,condition,1,1,1
millimeters,date,1,1,1
millimeters,measured,1,1,1
mine,trust,1,1,1
minimum,1993,1,1,1
minimum,2009,1,1,1
minimum,daily,1,1,1
mining,rlf,1,1,1
minus,inriver,1,1,1
minute,method,1,1,1
minute,recovery,1,1,1
miscellaneous,pft,1,1,1
misearn,ugf,1,1,1
mm,yy,1,1,1
mod,oppose,1,1,1
model,run,1,1,1
mon,khmer,1,1,1
monitoring,measurements,1,1,1
month,day,1,1,1
monthly,prior,1,1,1
multiple,proponents,1,1,1
multiple,survey,1,1,1
multiple,terms,1,1,1
na,region,1,1,1
naics,code,1,1,1
names,codes,1,1,1
nat,guard,1,1,1
native,american,1,1,1
native,descent,1,1,1
native,eskimo,1,1,1
native,hawaiian,1,1,1
native,north,1,1,1
native,regional,1,1,1
native,white,1,1,1
nautical,miles,1,1,1
nearest,community,1,1,1
negative,degrees,1,1,1
net,hand,1,1,1
net,pair,1,1,1
net,set,1,1,1
ngf,earn,1,1,1
nonded,dgf,1,1,1
nonresident,transferable,1,1,1
nonresident,workers,1,1,1
nonresidents,department,1,1,1
north,latitude,1,1,1
notation,sex,1,1,1
npafc,document,1,1,1
npr,fund,1,1,1
numerical,code,1,1,1
object,id,1,1,1
observation,anchorage,1,1,1
observation,change,1,1,1
observation,decimal,1,1,1
observation,identifies,1,1,1
observation,total,1,1,1
observations,e.g,1,1,1
observed,daily,1,1,1
observed,estimated,1,1,1
observed,fishery,1,1,1
observed,gps,1,1,1
observed,temperature,1,1,1
obtain,location,1,1,1
occurred,location,1,1,1
occurred,sasap,1,1,1
occurred,short,1,1,1
occurred,species,1,1,1
occurred,subsistence,1,1,1
occurred,synonymous,1,1,1
occurred,total,1,1,1
occurs,subdistrict,1,1,1
ocean,fresh,1,1,1
ocn,ranger,1,1,1
officially,accepted,1,1,1
offshore,index,1,1,1
onboard,sensors,1,1,1
operation,code,1,1,1
operator's,annual,1,1,1
ordinal,ranking,1,1,1
original,field,1,1,1
original,file,1,1,1
original,principal,1,1,1
original,region,1,1,1
originally,recorded,1,1,1
pacific,island,1,1,1
pair,trawl,1,1,1
panel,written,1,1,1
parent,location,1,1,1
participation,rate,1,1,1
patois,cajun,1,1,1
pce,endow,1,1,1
pce,fund,1,1,1
peak,count,1,1,1
people,actively,1,1,1
people,civilian,1,1,1
people,employed,1,1,1
people,permits,1,1,1
people,region,1,1,1
people,reporting,1,1,1
people,residing,1,1,1
percent,confidence,1,1,1
percent,harvested,1,1,1
percent,households,1,1,1
percent,received,1,1,1
perforation,start,1,1,1
perforation,stop,1,1,1
periodic,survey,1,1,1
permit,activity,1,1,1
permit,adfg,1,1,1
permit,code,1,1,1
permit,date,1,1,1
permit,file,1,1,1
permit,fished,1,1,1
permit,foreign,1,1,1
permit,including,1,1,1
permit,issued,1,1,1
permit,pounds,1,1,1
permit,price,1,1,1
permit,takes,1,1,1
permit,terms,1,1,1
permit,total,1,1,1
permit,transaction,1,1,1
permit,transfer,1,1,1
permits,age,1,1,1
permits,cancelled,1,1,1
permits,holders,1,1,1
permits,reinstated,1,1,1
permits,vessels,1,1,1
permitting,system,1,1,1
pers,trust,1,1,1
personal,services,1,1,1
personnel,authorized,1,1,1
pf,era,1,1,1
pf,gross,1,1,1
pfd,crim,1,1,1
pfd,fund,1,1,1
pft,ppt,1,1,1
picking,active,1,1,1
pink,chum,1,1,1
placeholder,column,1,1,1
population,change,1,1,1
population,female,1,1,1
population,identifying,1,1,1
port,city,1,1,1
portuguese,creole,1,1,1
position,title,1,1,1
position,waterbody,1,1,1
positions,authorized,1,1,1
positive,360,1,1,1
pots,power,1,1,1
pound,net,1,1,1
power,proj,1,1,1
power,troll,1,1,1
ppt,tmp,1,1,1
presentation,common,1,1,1
previous,columns,1,1,1
prgm,dgf,1,1,1
primary,2,1,1,1
primary,gear,1,1,1
primary,species,1,1,1
primary,surveyor,1,1,1
primary,tag,1,1,1
principal,balance,1,1,1
principal,meridian,1,1,1
private,sector,1,1,1
produced,revised,1,1,1
product,average,1,1,1
product,commercial,1,1,1
product,final,1,1,1
product,presentation,1,1,1
product,total,1,1,1
product,unknown,1,1,1
production,statistical,1,1,1
production,total,1,1,1
program,formula,1,1,1
progressing,eastward,1,1,1
progressing,westward,1,1,1
proj,dgf,1,1,1
project,district,1,1,1
project,fish,1,1,1
project,identifier,1,1,1
project,sasap,1,1,1
projects,documents,1,1,1
projects,location,1,1,1
prop,fed,1,1,1
proponent1,proponent2,1,1,1
proponent2,proponent3,1,1,1
proponent3,characterization,1,1,1
proponents,listed,1,1,1
proposal,description,1,1,1
proposal,format,1,1,1
proposal,information,1,1,1
proposal,internal,1,1,1
proposal,proponent,1,1,1
proposal,short,1,1,1
proposal,yy,1,1,1
proposals,deemed,1,1,1
psmfc,sasap,1,1,1
pub,school,1,1,1
public,assitance,1,1,1
public,emergency,1,1,1
published,reference,1,1,1
published,reports,1,1,1
pump,intake,1,1,1
pump,rate,1,1,1
pump,size,1,1,1
pump,time,1,1,1
pumping,level,1,1,1
purchase,closing,1,1,1
purchased,fish,1,1,1
purpose,e.g,1,1,1
purse,seine,1,1,1
pwr,dv,1,1,1
quality,control,1,1,1
quarter,section,1,1,1
quarterly,basis,1,1,1
quarters,percent,1,1,1
quickly,reference,1,1,1
quot,fishery,1,1,1
race,native,1,1,1
racs,opposing,1,1,1
rail,enrgy,1,1,1
ranger,dgf,1,1,1
rate,ft,1,1,1
rate,median,1,1,1
rate,population,1,1,1
rate,total,1,1,1
rate,unemployment,1,1,1
rbr,standard,1,1,1
rca,rcpts,1,1,1
rcp,dgf,1,1,1
rcpt,dgf,1,1,1
rcpt,svcs,1,1,1
rcpts,fed,1,1,1
rcs,impact,1,1,1
rct,dgf,1,1,1
reach,sensor,1,1,1
reading,date,1,1,1
reading,time,1,1,1
real,information,1,1,1
reason,region,1,1,1
received,units,1,1,1
recipients,resident,1,1,1
recommendation,alaska,1,1,1
record,copy,1,1,1
record,counts,1,1,1
recorded,common,1,1,1
recorded,fish,1,1,1
recorded,identifier,1,1,1
recorded,sasap,1,1,1
recorded,site,1,1,1
recorded,temperature,1,1,1
recorded,type,1,1,1
recovered,individuals,1,1,1
recovery,body,1,1,1
recovery,continent,1,1,1
recovery,country,1,1,1
recovery,gonad,1,1,1
recovery,hemisphere,1,1,1
recovery,information,1,1,1
recovery,length,1,1,1
recovery,location,1,1,1
recovery,maturity,1,1,1
recovery,negative,1,1,1
recovery,region,1,1,1
recovery,release,1,1,1
recovery,scale,1,1,1
recovery,sex,1,1,1
recovery,subarea,1,1,1
recovery,water,1,1,1
recruits,brood,1,1,1
reference,solutions,1,1,1
refrigeration,salmon,1,1,1
region,advisory,1,1,1
region,alaska,1,1,1
region,column,1,1,1
region,data,1,1,1
region,difference,1,1,1
region,encompassing,1,1,1
region,gulf,1,1,1
region,label,1,1,1
region,recovery,1,1,1
region,source,1,1,1
regional,corporation,1,1,1
regional,management,1,1,1
registration,location,1,1,1
relative,position,1,1,1
release,2,1,1,1
release,age,1,1,1
release,catchtype,1,1,1
release,code,1,1,1
release,day,1,1,1
release,determined,1,1,1
release,hemisphere,1,1,1
release,maturity,1,1,1
release,month,1,1,1
release,negative,1,1,1
release,vessel,1,1,1
released,code,1,1,1
released,date,1,1,1
released,identifies,1,1,1
released,tagged,1,1,1
relevant,description,1,1,1
remote,video,1,1,1
ren,energy,1,1,1
rep,ugf,1,1,1
report,amr,1,1,1
reported,description,1,1,1
reported,escapement,1,1,1
reported,latitude,1,1,1
reported,time,1,1,1
reporting,catch,1,1,1
reports,total,1,1,1
represent,midpoint,1,1,1
represented,earliest,1,1,1
request,detailed,1,1,1
requested,disaster,1,1,1
res,energy,1,1,1
researchers,category,1,1,1
researchers,sasap,1,1,1
residency,status,1,1,1
residency,type,1,1,1
resident,unknown,1,1,1
resident,workers,1,1,1
residents,percent,1,1,1
resource,code,1,1,1
respective,region,1,1,1
retrospective,analysis,1,1,1
returned,fished,1,1,1
rev,bonds,1,1,1
revised,escapement,1,1,1
rhif,ltc,1,1,1
rhif,mm,1,1,1
river,abundance,1,1,1
river,codes,1,1,1
river,tributary,1,1,1
rlf,fed,1,1,1
road,amount,1,1,1
rows,1,1,1,1
run,location,1,1,1
run,time,1,1,1
runs,quality,1,1,1
runs,salmon,1,1,1
rural,cfec,1,1,1
rural,dev,1,1,1
rural,elec,1,1,1
rural,nonlocal,1,1,1
ruralecdev,dgf,1,1,1
salmon,affected,1,1,1
salmon,body,1,1,1
salmon,catch,1,1,1
salmon,chinook,1,1,1
salmon,derived,1,1,1
salmon,fishing,1,1,1
salmon,herring,1,1,1
salmon,percent,1,1,1
salmon,pounds,1,1,1
salmon,released,1,1,1
salmon,sampled,1,1,1
salmon,stocks,1,1,1
saltwater,statewide,1,1,1
saltwater,survey,1,1,1
sample,coded,1,1,1
sample,collected,1,1,1
sample,comments,1,1,1
sample,data,1,1,1
sample,information,1,1,1
sample,method,1,1,1
sample,region,1,1,1
sample,salt,1,1,1
sampled,annual,1,1,1
sampled,copper,1,1,1
sampled,description,1,1,1
sampled,identifier,1,1,1
sampled,length,1,1,1
sampled,location,1,1,1
sampled,project,1,1,1
sampled,source,1,1,1
samples,contained,1,1,1
sampling,date,1,1,1
sampling,identifier,1,1,1
sampling,project,1,1,1
sasap,id,1,1,1
sbed,rlf,1,1,1
scale,image,1,1,1
scallop,dredge,1,1,1
scandinavian,languages,1,1,1
school,dgf,1,1,1
school,fnd,1,1,1
sci,tech,1,1,1
screen,grout,1,1,1
screen,mesh,1,1,1
screen,start,1,1,1
screen,stop,1,1,1
screen,type,1,1,1
script,3,1,1,1
sea,bs,1,1,1
sea,sample,1,1,1
sec,codes,1,1,1
sec,injury,1,1,1
secondary,tag,1,1,1
section,attributes,1,1,1
section,code,1,1,1
section,description,1,1,1
section,fish,1,1,1
section,id,1,1,1
section,note,1,1,1
section,quarter,1,1,1
sector,fish,1,1,1
sector,represents,1,1,1
sectors,calculated,1,1,1
seine,beach,1,1,1
seine,drift,1,1,1
semicolon,city,1,1,1
seniorcare,dgf,1,1,1
sensor,accuracy,1,1,1
sensor,coordinates,1,1,1
sensors,measuring,1,1,1
sentence,summary,1,1,1
separated,list,1,1,1
serbo,croatian,1,1,1
series,code,1,1,1
served,start,1,1,1
services,amount,1,1,1
set,gill,1,1,1
shape,file,1,1,1
shape,length,1,1,1
shellfish,groundfish,1,1,1
shore,fish,1,1,1
short,proposal,1,1,1
similar,proposal,1,1,1
simple,system,1,1,1
single,meeting,1,1,1
site,code,1,1,1
site,label,1,1,1
site,sasap,1,1,1
site,species,1,1,1
size,horsepower,1,1,1
size,inches,1,1,1
slavic,language,1,1,1
slavic,languages,1,1,1
sockeye,coho,1,1,1
sockeye_early,sockeye_normal,1,1,1
sockeye_goal,response,1,1,1
sockeye_goal_achieved,response,1,1,1
sockeye_late,responses,1,1,1
solution,file,1,1,1
source,description,1,1,1
source,info,1,1,1
source,information,1,1,1
source,system,1,1,1
source.id,matches,1,1,1
south,slavic,1,1,1
spanish,creole,1,1,1
spatial,accuracy,1,1,1
spatial,resolution,1,1,1
spawning,escapement,1,1,1
speak,african,1,1,1
speak,arabic,1,1,1
speak,armenian,1,1,1
speak,chinese,1,1,1
speak,german,1,1,1
speak,greek,1,1,1
speak,gujarati,1,1,1
speak,hebrew,1,1,1
speak,hindi,1,1,1
speak,hmong,1,1,1
speak,hungarian,1,1,1
speak,italian,1,1,1
speak,japanese,1,1,1
speak,korean,1,1,1
speak,laotian,1,1,1
speak,mon,1,1,1
speak,navajo,1,1,1
speak,persian,1,1,1
speak,polish,1,1,1
speak,portuguese,1,1,1
speak,russian,1,1,1
speak,scandinavian,1,1,1
speak,serbo,1,1,1
speak,spanish,1,1,1
speak,tagalog,1,1,1
speak,thai,1,1,1
speak,urdu,1,1,1
speak,vietnamese,1,1,1
speak,yiddish,1,1,1
special,harvest,1,1,1
species,annual,1,1,1
species,category,1,1,1
species,commercial,1,1,1
species,count,1,1,1
species,harvest,1,1,1
species,observed,1,1,1
species,run,1,1,1
species,sampled,1,1,1
species,sasap,1,1,1
species,sex,1,1,1
species,statistical,1,1,1
species,total,1,1,1
species,valued,1,1,1
specific,identifier,1,1,1
specific,location,1,1,1
specific,management,1,1,1
specvehrct,dgf,1,1,1
sport,coefficient,1,1,1
sport,standard,1,1,1
spot,temperature,1,1,1
ssbg,fed,1,1,1
staff,recommendation,1,1,1
standard,additional,1,1,1
standard,published,1,1,1
start,term,1,1,1
started,date,1,1,1
started,month,1,1,1
stat,desig,1,1,1
statewide,region,1,1,1
station,station,1,1,1
statistical,code,1,1,1
status,category,1,1,1
status,indicating,1,1,1
status,latitude,1,1,1
status,title,1,1,1
step,dgf,1,1,1
stf,svc,1,1,1
stimulus09,fed,1,1,1
stock,comments,1,1,1
stock,info,1,1,1
stock,upper,1,1,1
stock's,abbreviated,1,1,1
stored,date,1,1,1
stored,district,1,1,1
stored,type,1,1,1
stream,catalog,1,1,1
stream,codes,1,1,1
stream,identifier,1,1,1
stream,names,1,1,1
stream,occurs,1,1,1
streamflow,discharge,1,1,1
streamflow,gauging,1,1,1
streamflow,measurements,1,1,1
street,address,1,1,1
study,permit,1,1,1
subarea,recovery,1,1,1
subdistrict,boundaries,1,1,1
subdistrict,chitina,1,1,1
subdistrict,codes,1,1,1
subdistrict,id,1,1,1
submitted,coar,1,1,1
subsection,code,1,1,1
subsection,id,1,1,1
subsistence,ans,1,1,1
subsistence,community,1,1,1
subsistence,data,1,1,1
subsistence,harvest,1,1,1
subsistence,homepack,1,1,1
subsistence,permit,1,1,1
subsistence,personal,1,1,1
subsistence,sport,1,1,1
subsistence,survey,1,1,1
sufficient,quality,1,1,1
sunday,statistical,1,1,1
support,anadromous,1,1,1
support,support,1,1,1
surety,fnd,1,1,1
surface,transportation,1,1,1
surpl,prop,1,1,1
surrounding,region,1,1,1
survey,applies,1,1,1
survey,counts,1,1,1
survey,equipment,1,1,1
survey,id,1,1,1
survey,latitude,1,1,1
survey,location,1,1,1
survey,maps,1,1,1
survey,occurs,1,1,1
survey,pilot,1,1,1
survey,pounds,1,1,1
survey,represents,1,1,1
survey,types,1,1,1
survey,water,1,1,1
surveyed,resolution,1,1,1
surveyor,aerial,1,1,1
surveyor,auto,1,1,1
surveyors,comments,1,1,1
surveys,occurred,1,1,1
surveys,standardized,1,1,1
suspect,arrestee,1,1,1
svcs,dgf,1,1,1
swhs,notes,1,1,1
system,allowing,1,1,1
system,alternate,1,1,1
system,method,1,1,1
system,naics,1,1,1
system,original,1,1,1
system,stream,1,1,1
system,unique,1,1,1
systematic,bias,1,1,1
table,source,1,1,1
tag,dst,1,1,1
tagged,identifies,1,1,1
tagging,direction,1,1,1
tail,weight,1,1,1
takes,effect,1,1,1
tank,capacity,1,1,1
tank,live,1,1,1
tank,rlf,1,1,1
target,fish,1,1,1
target,species,1,1,1
tax,codes,1,1,1
tax,revenue,1,1,1
tax,tax,1,1,1
tax,ugf,1,1,1
teach,ret,1,1,1
tech,dgf,1,1,1
temperature,measurements,1,1,1
temperature,recorded,1,1,1
tender,packer,1,1,1
term,start,1,1,1
terms,anadromous,1,1,1
terms,served,1,1,1
tertiary,tag,1,1,1
test,fish,1,1,1
test,pumping,1,1,1
testing,development,1,1,1
testing,main,1,1,1
timber,rcp,1,1,1
time,closest,1,1,1
time,expansion,1,1,1
time,hours,1,1,1
time,incident,1,1,1
time,sonde,1,1,1
timing,curve,1,1,1
timing,curves,1,1,1
tmp,fed,1,1,1
tob,ed,1,1,1
total,annual,1,1,1
total,black,1,1,1
total,chinese,1,1,1
total,filipino,1,1,1
total,foreign,1,1,1
total,households,1,1,1
total,indian,1,1,1
total,japanese,1,1,1
total,labor,1,1,1
total,native,1,1,1
total,recruits,1,1,1
total,unemployed,1,1,1
tour,rlf,1,1,1
town,longitude,1,1,1
township,section,1,1,1
trans,shipped,1,1,1
transfer,occurred,1,1,1
transfer,recipients,1,1,1
transferred,city,1,1,1
travel,budget,1,1,1
travel,expenses,1,1,1
trawl,diving,1,1,1
trawl,fish,1,1,1
trawl,herring,1,1,1
trawl,scallop,1,1,1
tribe,city,1,1,1
tributary,distance,1,1,1
tributary,makes,1,1,1
trng,bldg,1,1,1
troll,beam,1,1,1
troopers,authorized,1,1,1
type,adjusted,1,1,1
type,closed,1,1,1
type,issued,1,1,1
type,management,1,1,1
type,resident,1,1,1
type,sample,1,1,1
type,unique,1,1,1
ua,dfa,1,1,1
ua,icr,1,1,1
ua,int,1,1,1
ua,stf,1,1,1
ucr,rcpts,1,1,1
ugf,aidea,1,1,1
ugf,childtrprn,1,1,1
ugf,gen,1,1,1
ugf,rca,1,1,1
ugf,step,1,1,1
ugf,surety,1,1,1
ugf,ua,1,1,1
ugf,whittunnel,1,1,1
unadjusted,usd,1,1,1
uncertain,sasap,1,1,1
unemployed,civilians,1,1,1
unemployed,military,1,1,1
unemployed,people,1,1,1
unemployed,total,1,1,1
unemployment,insurance,1,1,1
unfounded,awt,1,1,1
unincorporated,sasap,1,1,1
unique,combination,1,1,1
unique,information,1,1,1
unique,integer,1,1,1
unique,numerical,1,1,1
unique,permitting,1,1,1
unique,proposal,1,1,1
unique,statistical,1,1,1
unique,tax,1,1,1
unit,identifier,1,1,1
univ,rcpt,1,1,1
unknown,date,1,1,1
unknown,phone,1,1,1
unrstr,fed,1,1,1
unsatisfactory,surveyors,1,1,1
unspecified,languages,1,1,1
upper,confidence,1,1,1
urban,gender,1,1,1
urban,inferred,1,1,1
urban,nonlocal,1,1,1
usa,effective,1,1,1
user,entering,1,1,1
usgs,community,1,1,1
usgs,data,1,1,1
utilizing,permits,1,1,1
valued,average,1,1,1
values,method,1,1,1
vehrntltax,dgf,1,1,1
version,id,1,1,1
vessel,capacity,1,1,1
vessel,coast,1,1,1
vessel,holding,1,1,1
vessel,home,1,1,1
vessel,horse,1,1,1
vessel,id,1,1,1
vessel,purse,1,1,1
vessel,registration,1,1,1
vessel,rep,1,1,1
vessels,fuel,1,1,1
vessels,home,1,1,1
vets,endow,1,1,1
vets,rlf,1,1,1
video,projects,1,1,1
village,community,1,1,1
village,distance,1,1,1
violated,description,1,1,1
violated,regulation,1,1,1
violation,charged,1,1,1
violation,code,1,1,1
violation,completion,1,1,1
violation,descriptions,1,1,1
violation,internal,1,1,1
violation,latitude,1,1,1
violation,longitude,1,1,1
violations,regulation,1,1,1
violence,latitude,1,1,1
voc,smbus,1,1,1
vocabulary,locations,1,1,1
volume,grout,1,1,1
votech,ed,1,1,1
voting,status,1,1,1
wages,earned,1,1,1
wages,percent,1,1,1
water,basin,1,1,1
water,conditions,1,1,1
water,prior,1,1,1
water,sasap,1,1,1
water,start,1,1,1
water,test,1,1,1
waterbody,affected,1,1,1
waters,stream,1,1,1
wcbengf,dgf,1,1,1
webpage,amount,1,1,1
website,date,1,1,1
week,1,1,1,1
weeks,begin,1,1,1
weight,95,1,1,1
weight,sasap,1,1,1
welts,system,1,1,1
welts,typically,1,1,1
west,germanic,1,1,1
wgs84,method,1,1,1
wheel,pots,1,1,1
white,populaiton,1,1,1
wholesale,price,1,1,1
wild,fish,1,1,1
withdrawn,exreg,1,1,1
workers,percent,1,1,1
wrkrs,safe,1,1,1
yy,xx,1,1,1
zone,abbreviation,1,1,1
zone,distance,1,1,1
zone,user,1,1,1
