token,n,unique_ids,unique_authors
temperature,4859,12,4
average,4418,14,5
observed,4412,8,8
precipitation,3918,1,1
total,3015,39,13
quarter,1850,5,2
data,1490,68,16
january,1154,4,2
fish,1151,53,15
identifier,831,37,15
age,829,30,11
location,741,47,13
0,709,15,5
species,693,50,17
recruits,676,12,7
date,672,53,18
escapement,653,26,10
sample,647,26,8
4th,464,2,1
december,463,4,2
1st,460,2,1
2nd,460,2,1
3rd,460,2,1
april,460,2,1
august,460,2,1
february,460,2,1
july,460,2,1
june,460,2,1
march,460,2,1
november,460,2,1
october,460,2,1
september,460,2,1
measured,431,12,5
alaska,377,33,14
class,371,6,2
unique,351,38,15
project,346,28,9
winter,342,6,2
1,336,20,5
stream,336,20,8
information,303,24,9
license,300,1,1
time,297,16,5
count,292,10,4
salmon,289,33,15
region,282,72,19
nceas,279,6,2
qc'ed,279,6,2
assigned,267,21,8
escaping,263,1,1
upstream,263,1,1
degrees,248,14,4
fall,246,6,3
summer,246,6,3
missing,244,10,4
center,241,10,3
conservation,241,10,3
science,241,10,3
uaa,241,10,3
code,236,37,11
spring,230,1,1
type,219,51,16
column,211,18,4
collected,195,26,7
site,187,14,3
holder,181,9,2
sensor,180,11,3
prior,178,11,4
obtaining,172,6,2
sampledate,172,6,2
sampletime,172,6,2
community,169,15,8
celsius,157,11,3
source,132,45,11
individuals,131,5,4
harvested,124,8,4
temperatures,121,4,1
air,120,12,3
city,120,15,6
numeric,117,24,5
outliers,117,4,1
people,117,8,5
indicating,115,9,4
residence,114,7,1
residents,114,7,4
ice,111,4,2
logger,110,4,1
monitored,110,11,3
water,109,26,9
harvest,108,14,6
identifying,108,2,2
constant,107,3,1
frozen,107,3,1
obvious,107,3,1
readings,107,3,1
biomass,106,1,1
permit,106,12,5
permits,106,10,4
stock,102,17,10
parameters,100,12,4
watershed,96,8,1
chum,90,6,4
circuli,86,1,1
2009,85,6,3
1993,83,4,2
id,83,19,7
population,83,4,3
1975,82,3,2
1976,82,3,2
agency,82,15,3
dgf,82,1,1
commercial,81,20,9
1991,80,4,3
1980,79,4,3
2007,79,5,3
2008,79,6,4
district,79,23,10
2000,78,4,3
2003,78,4,3
2004,78,4,3
2005,78,4,3
2006,78,4,3
2001,77,4,3
2002,77,4,3
2010,77,4,3
2011,77,4,3
2012,77,4,3
2013,77,4,3
2014,77,4,3
households,77,5,4
sex,77,15,6
1990,76,3,2
1992,76,3,2
1994,76,3,2
1995,76,3,2
1996,76,3,2
1997,76,3,2
1998,76,3,2
1999,76,3,2
2015,76,5,4
length,76,19,8
1984,75,4,3
1985,74,4,3
1986,73,3,2
1987,73,3,2
1988,73,3,2
1989,73,3,2
5,73,22,8
median,73,6,5
1901,72,2,1
1902,72,2,1
1903,72,2,1
1904,72,2,1
1905,72,2,1
1906,72,2,1
1907,72,2,1
1908,72,2,1
1909,72,2,1
1910,72,2,1
1911,72,2,1
1912,72,2,1
1913,72,2,1
1914,72,2,1
1915,72,2,1
1916,72,2,1
1917,72,2,1
1918,72,2,1
1919,72,2,1
1920,72,2,1
1921,72,2,1
1922,72,2,1
1923,72,2,1
1924,72,2,1
1925,72,2,1
1926,72,2,1
1927,72,2,1
1928,72,2,1
1929,72,2,1
1930,72,2,1
1931,72,2,1
1932,72,2,1
1933,72,2,1
1934,72,2,1
1935,72,2,1
1936,72,2,1
1937,72,2,1
1938,72,2,1
1939,72,2,1
1940,72,2,1
1941,72,2,1
1942,72,2,1
1943,72,2,1
1944,72,2,1
1945,72,2,1
1946,72,2,1
1947,72,2,1
1948,72,2,1
1949,72,2,1
1950,72,2,1
1951,72,2,1
1952,72,2,1
1953,72,2,1
1954,72,2,1
1955,72,2,1
1956,72,2,1
1957,72,2,1
1958,72,2,1
1959,72,2,1
1960,72,2,1
1961,72,2,1
1962,72,2,1
1963,72,2,1
1964,72,2,1
1965,72,2,1
1966,72,2,1
1967,72,2,1
1968,72,2,1
1969,72,2,1
1970,72,2,1
1971,72,2,1
1972,72,2,1
1973,72,2,1
1974,72,2,1
1977,72,2,1
1978,72,2,1
1979,72,2,1
1981,72,2,1
1982,72,2,1
1983,72,2,1
fishery,72,13,6
issued,69,8,3
sampled,68,10,8
sasap,68,38,17
sockeye,66,7,5
covered,65,2,2
observations,62,3,2
release,62,3,2
river,62,28,12
force,61,1,1
labor,61,1,1
longitude,61,34,11
hourly,60,1,1
indexes,60,1,1
gear,59,18,4
run,58,10,5
line,56,4,4
poverty,54,2,2
brood,53,15,8
observation,53,13,8
sampling,52,9,5
latitude,51,34,11
system,51,28,7
subdistrict,50,11,6
vendor,50,1,1
proposal,49,3,3
distance,48,3,2
values,48,9,4
chinook,47,6,4
weight,47,14,7
home,46,3,3
identification,46,19,4
lake,46,12,4
living,46,3,3
0.2,45,19,7
0.5,45,19,7
analysis,45,14,8
public,45,2,2
survey,45,7,4
monitoring,44,11,3
pounds,44,8,3
residing,44,1,1
speak,44,2,2
additional,42,19,8
quality,42,14,5
error,41,13,6
assistance,40,1,1
collection,40,14,4
month,40,7,4
proportion,40,2,2
recovery,40,5,1
white,40,1,1
card,39,11,5
codes,39,15,5
fishing,39,15,7
aquatic,38,11,3
description,38,20,10
1.1,37,12,7
1.2,37,12,7
3,37,23,6
adfg,37,10,7
file,37,15,7
unknown,37,22,6
2.1,36,11,7
2.2,36,11,7
minutes,36,12,3
rocks,36,1,1
3.1,35,10,6
3.2,35,10,6
person,35,14,5
test,35,3,2
columbia,34,1,1
common,34,18,6
management,34,14,7
measurement,34,11,4
original,34,19,7
percent,34,6,4
1.3,33,10,5
bethel,33,1,1
key,33,11,4
ratio,33,1,1
recorded,33,10,4
sockeye:chinook,33,1,1
0.3,32,9,5
0.4,32,9,5
1.4,32,9,5
1.5,32,9,5
2.3,32,9,5
2.4,32,9,5
determined,32,11,6
holders,32,4,3
serial,32,2,1
0.1,31,8,4
3.3,31,8,4
datalogger,31,2,1
families,31,2,2
kilograms,31,4,2
main,31,11,3
method,31,11,3
3.4,30,7,3
british,30,1,1
contact,30,10,3
decimal,30,14,5
kamchatka,30,1,1
southern,30,1,1
statewide,30,5,2
western,30,1,1
collect,29,8,3
counted,29,10,4
degree,29,4,2
catch,28,6,1
country,28,5,3
defined,28,5,5
females,28,2,2
hispanic,28,1,1
income,28,3,3
located,28,13,6
males,28,2,2
runs,28,3,2
vessel,28,5,3
akoats,27,3,2
akoats_id,27,3,2
annual,27,7,4
flag,27,5,4
inventory,27,3,2
metadata,27,3,2
online,27,3,2
scale,27,7,4
size,27,6,2
station,27,13,3
elevation,26,2,1
identifer,26,6,5
mesh,26,6,2
millimeters,26,8,5
2016,25,3,3
asl,25,8,3
describe,25,13,5
sold,25,1,1
standard,25,9,6
status,25,18,5
united,25,2,2
citizen,24,1,1
civilian,24,1,1
counts,24,17,6
listed,24,6,6
meaning,24,7,1
organization,24,13,5
pink,24,4,3
slope,24,1,1
subsistence,24,8,5
unemployed,24,1,1
2,23,19,6
depth,23,12,3
hatchery,23,3,3
measurements,23,6,3
race,23,1,1
rural,23,7,6
4,22,17,6
channel,22,11,3
day,22,8,4
flow,22,11,3
gage,22,11,3
identify,22,6,4
instrument,22,11,3
physical,22,11,3
position,22,16,6
qa,22,11,3
qc,22,11,3
tested,22,11,3
waterbody,22,13,5
dollars,21,5,4
freshwater,21,8,3
individual,21,10,9
recordings,21,11,3
stored,21,8,3
urban,21,6,6
workers,21,5,2
deg,20,10,3
fisheries,20,10,8
latino,20,1,1
local,20,3,2
reported,20,8,3
tagged,20,3,3
100,19,1,1
backup,19,2,1
coho,19,5,3
estimated,19,4,2
percentage,19,3,3
statistical,19,6,2
tag,19,2,2
30,18,3,2
bar,18,1,1
board,18,3,3
cook,18,3,3
e.g,18,12,4
employed,18,3,2
ft,18,2,1
held,18,4,4
meeting,18,5,3
16,17,3,2
abundance,17,2,2
adult,17,3,3
black,17,2,2
caught,17,6,2
coded,17,3,3
commission,17,12,3
conditions,17,13,4
deviation,17,6,3
fresh,17,9,4
inlet,17,2,2
islands,17,3,3
millions,17,2,2
names,17,14,4
national,17,10,2
net,17,7,3
product,17,3,1
round,17,13,3
southeast,17,2,2
transferable,17,2,2
unit,17,4,2
catalog,16,10,5
food,16,1,1
huc,16,2,1
indigenous,16,1,1
native,16,5,4
price,16,7,2
south,16,2,2
stamps,16,1,1
units,16,13,4
waters,16,10,5
anadromous,15,9,5
census,15,3,2
comments,15,9,6
covers,15,4,2
department,15,7,6
distinguishes,15,4,2
eastern,15,1,1
fed,15,1,1
final,15,14,5
hobo,15,10,3
japan,15,1,1
kodiak,15,1,1
korea,15,1,1
level,15,13,4
mainland,15,1,1
northern,15,1,1
occur,15,4,3
peninsula,15,1,1
potential,15,3,2
pound,15,4,1
prince,15,1,1
range,15,6,3
rock,15,12,4
russia,15,1,1
season,15,13,4
sound,15,1,1
washington,15,1,1
william,15,1,1
zone,15,13,4
accuracy,14,13,4
cross,14,13,4
dataset,14,4,2
disaster,14,1,1
english,14,3,3
estimate,14,6,4
human,14,2,2
hydro,14,9,1
international,14,9,1
language,14,2,2
migration,14,3,2
network,14,9,1
rate,14,6,3
rcpts,14,1,1
resident,14,5,3
road,14,12,4
salt,14,7,2
ages,13,1,1
alaskan,13,3,3
american,13,4,3
amount,13,6,3
asian,13,2,2
based,13,6,4
camps,13,1,1
canadian,13,8,3
coefficient,13,4,3
coordinates,13,12,4
derived,13,7,5
earnings,13,4,2
footprint,13,1,1
game,13,7,6
geographic,13,12,3
joint,13,8,1
lakes,13,2,2
loan,13,2,1
pre,13,12,4
referenced,13,12,3
relative,13,13,4
saltwater,13,5,2
sea,13,6,4
timing,13,4,4
tributary,13,2,2
biological,12,12,3
completed,12,12,3
details,12,12,4
documented,12,12,4
eligible,12,1,1
fund,12,2,1
genetics,12,1,1
glaciers,12,2,1
gps,12,11,4
islander,12,1,1
lithology,12,1,1
loss,12,12,3
plutonic,12,1,1
previously,12,2,2
processors,12,2,1
record,12,4,3
sedimentary,12,1,1
start,12,6,5
testing,12,12,3
transferred,12,1,1
ugf,12,1,1
usgs,12,12,3
variation,12,3,2
volcanic,12,1,1
website,12,12,4
action,11,4,4
attachment,11,11,3
automated,11,11,3
boat,11,11,3
buoy,11,11,3
cable,11,11,3
cancelled,11,11,3
change,11,4,4
chemical,11,11,3
chemistry,11,11,3
classified,11,2,2
conductivity,11,11,3
continuous,11,11,3
created,11,6,1
culvert,11,1,1
daily,11,7,3
datum,11,11,3
deployment,11,11,3
descent,11,1,1
discrete,11,11,3
dissolved,11,11,3
distinguishing,11,11,3
ecology,11,11,3
epoxy,11,11,3
fahrenheit,11,11,3
failure,11,11,3
gnis,11,11,3
goal,11,3,2
height,11,11,3
horizontal,11,11,3
hyperlink,11,11,3
hyporheic,11,11,3
larger,11,11,3
levels,11,11,3
list,11,4,4
map,11,11,3
maximum,11,4,2
merging,11,6,1
minimum,11,4,2
nad83,11,11,3
nonresidents,11,3,2
onsite,11,11,3
operational,11,11,3
oxygen,11,11,3
ph,11,11,3
plants,11,11,3
pond,11,11,3
post,11,11,3
rebar,11,11,3
redundant,11,11,3
rlf,11,1,1
sectional,11,11,3
slough,11,11,3
sop,11,11,3
speaking,11,1,1
spent,11,5,3
text,11,11,3
tiered,11,11,3
wgs84,11,11,3
xx,11,11,4
address,10,2,2
asl_formatting_bristolbay.r,10,1,1
boulder,10,10,3
cabled,10,10,3
culverts,10,1,1
downstream,10,10,3
earth,10,10,3
email,10,10,3
gaging,10,10,3
google,10,10,3
helicopter,10,10,3
indicaates,10,2,1
interpolated,10,10,3
land,10,3,2
languages,10,1,1
lower,10,7,5
managing,10,10,3
multi,10,2,2
placard,10,10,3
plane,10,10,3
pro,10,10,3
processor,10,2,1
section,10,3,2
standpipe,10,10,3
starting,10,10,3
sum,10,3,3
telephone,10,10,3
tidbit,10,10,3
transferrable,10,1,1
tree,10,10,3
underdevelopment,10,10,3
v2,10,10,3
violation,10,1,1
4.1,9,5,5
6,9,5,3
7,9,5,2
active,9,8,4
awc,9,4,3
born,9,1,1
calibration,9,1,1
conducted,9,5,5
copper,9,1,1
document,9,4,3
grades,9,1,1
inriver,9,1,1
mining,9,2,2
period,9,3,2
personal,9,5,3
racial,9,1,1
released,9,3,2
running,9,1,1
sport,9,5,4
wild,9,2,2
winters,9,2,1
8,8,6,4
acid,8,1,1
auc,8,1,1
basic,8,1,1
body,8,4,4
burned,8,1,1
calculate,8,3,2
calculated,8,4,4
collecting,8,8,2
confidential,8,3,2
cover,8,1,1
database,8,4,3
footprints,8,1,1
harvesting,8,2,2
incident,8,1,1
industry,8,3,1
intermediate,8,1,1
intersecting,8,3,1
male,8,3,2
occurred,8,6,5
passage,8,1,1
percent.families.below.povertyline,8,1,1
responsible,8,7,3
samples,8,3,3
sector,8,6,4
shape,8,4,3
shapefile,8,4,1
shown,8,1,1
specific,8,2,2
streambed,8,8,3
transfers,8,4,3
unadjusted,8,4,4
wholesale,8,1,1
abbreviated,7,2,2
author,7,2,2
awt,7,1,1
bof,7,1,1
cfec,7,4,4
chitina,7,1,1
clip,7,1,1
dates,7,5,5
difference,7,4,3
drift,7,2,2
excellent,7,2,2
family,7,3,2
female,7,2,2
glennallen,7,1,1
gross,7,3,1
internal,7,4,4
kuskokwim,7,2,2
ocean,7,6,5
offense,7,1,1
pacific,7,6,5
parameter,7,2,2
responses,7,2,1
set,7,5,5
streams,7,1,1
telemetry,7,1,1
tender,7,2,2
upper,7,5,4
0.8c,6,1,1
12,6,3,1
21,6,2,2
4.2,6,2,2
40,6,3,2
60,6,2,2
accounted,6,2,1
activity,6,1,1
aged,6,2,2
applied,6,2,2
applies,6,3,3
auto,6,1,1
batch,6,1,1
cards,6,1,1
category,6,5,4
conducting,6,5,3
designation,6,2,2
equipment,6,3,1
fair,6,1,1
form,6,1,1
format,6,3,3
girth,6,1,1
gray,6,1,1
inadequate,6,1,1
inches,6,3,2
indian,6,2,2
involved,6,2,2
item,6,2,1
kg,6,1,1
landed,6,1,1
multiplied,6,2,1
numerical,6,2,2
poor,6,1,1
protocol,6,1,1
purchased,6,2,1
racs,6,1,1
red,6,1,1
renewed,6,1,1
represents,6,4,4
response,6,1,1
returned,6,3,2
sampler,6,1,1
scales,6,1,1
session,6,1,1
sonde,6,1,1
study,6,3,3
tagging,6,2,2
ticket,6,2,1
title,6,6,6
transactions,6,1,1
transfer,6,2,2
tray,6,1,1
utilizing,6,2,1
village,6,1,1
wire,6,1,1
2.5,5,3,3
31,5,3,2
affected,5,2,2
applying,5,1,1
attributes,5,3,2
authorized,5,2,1
barren,5,2,2
basin,5,2,2
budget,5,2,2
capita,5,2,2
casing,5,1,1
catches,5,1,1
classification,5,3,2
coast,5,2,2
coding,5,4,4
committee,5,1,1
component,5,1,1
corresponds,5,4,1
council,5,1,1
curve,5,1,1
dateline,5,1,1
denotes,5,2,1
development,5,2,2
dividing,5,2,2
driller,5,1,1
drilling,5,1,1
earliest,5,2,1
east,5,1,1
environmental,5,3,1
european,5,4,2
foreign,5,2,2
gender,5,4,4
gf,5,1,1
goals,5,3,2
hemisphere,5,1,1
https,5,2,2
identifies,5,3,3
initial,5,3,3
issue,5,2,1
locationcode,5,1,1
negative,5,2,1
office,5,3,3
oncorhynchus,5,1,1
owner,5,3,3
panel,5,1,1
primary,5,4,2
projects,5,2,2
reading,5,1,1
regional,5,5,3
regions,5,2,2
registration,5,2,2
releases,5,2,2
screen,5,1,1
sensors,5,5,2
short,5,5,5
sp,5,1,1
started,5,3,2
terms,5,3,3
tribe,5,1,1
ua,5,1,1
ubiquitously,5,1,1
west,5,2,2
1900,4,2,1
360,4,1,1
41,4,2,2
50,4,2,2
95,4,3,3
abbreviation,4,4,1
amounts,4,1,1
annuli,4,2,2
apparatus,4,1,1
bodies,4,1,1
bound,4,2,1
bru,4,1,1
carbonate,4,1,1
carrying,4,2,2
changed,4,2,2
classes,4,2,2
considered,4,3,2
creole,4,1,1
current,4,2,2
days,4,3,2
detailed,4,2,2
division,4,2,2
dollar,4,1,1
educational,4,2,2
eggs,4,1,1
elevations,4,1,1
entered,4,2,2
evaporites,4,1,1
expenses,4,1,1
facility,4,1,1
falls,4,3,3
fd,4,1,1
federal,4,1,1
filename,4,1,1
fin,4,1,1
fished,4,2,1
forest,4,1,1
french,4,1,1
gauging,4,2,1
grams,4,3,3
growth,4,2,2
guided,4,1,1
household,4,2,2
including,4,4,2
inclusive,4,1,1
index,4,3,3
indication,4,2,2
inexact,4,1,1
kings,4,1,1
landcover,4,1,1
landocover,4,1,1
lcima,4,1,1
locals,4,1,1
maturity,4,2,1
max_elevation,4,1,1
max_slope,4,1,1
metamorphic,4,1,1
min_elevation,4,1,1
min_slope,4,1,1
mixed,4,1,1
monthly,4,2,2
nonlocals,4,1,1
notation,4,3,1
oberservation,4,1,1
object,4,2,2
obtain,4,3,2
occurring,4,1,1
opposed,4,3,3
originated,4,1,1
perforation,4,1,1
processing,4,2,1
pump,4,1,1
pyroclastics,4,1,1
recipient,4,1,1
regulation,4,3,3
residency,4,4,3
rows,4,3,2
sediment,4,1,1
served,4,2,2
shrub,4,1,1
siliciclastic,4,1,1
single,4,3,3
slopes,4,1,1
solution,4,1,1
statute,4,2,2
stop,4,1,1
support,4,2,2
supporting,4,1,1
svc,4,1,1
tax,4,3,1
transplanted,4,1,1
trawl,4,1,1
unconsolidated,4,1,1
unemployment,4,2,2
vessels,4,2,2
video,4,1,1
voting,4,3,3
wetland,4,1,1
0.2c,3,1,1
0.5c,3,1,1
01,3,2,2
15,3,2,2
2018,3,2,2
202013.1,3,1,1
4.3,3,2,2
absent,3,3,3
achieved,3,1,1
addressing,3,1,1
adf,3,2,2
adipose,3,1,1
admin,3,2,1
administrative,3,2,2
adults,3,2,2
aerial,3,1,1
agriculture,3,1,1
alaska’s,3,2,2
aleut,3,1,1
alternate,3,2,2
approximately,3,1,1
attributedefinition,3,1,1
auxrep,3,1,1
bank,3,1,1
bay,3,1,1
bed,3,3,1
blank,3,3,2
block,3,1,1
bonds,3,1,1
borough,3,1,1
broader,3,1,1
capacity,3,1,1
catchtype,3,1,1
character,3,2,2
chinese,3,2,2
closed,3,1,1
color,3,1,1
commerce,3,1,1
communities,3,3,2
companies,3,1,1
confidence,3,2,2
content,3,2,2
cumulative,3,2,2
declaration,3,1,1
describes,3,1,1
determine,3,2,1
digit,3,2,2
direction,3,1,1
directly,3,2,2
div,3,1,1
domestic,3,2,2
drainage,3,3,1
economic,3,1,1
ed,3,1,1
endow,3,1,1
energy,3,1,1
entity,3,2,2
entry,3,3,2
equal,3,1,1
eskimo,3,1,1
exist,3,2,2
extracted,3,3,2
exvessel,3,1,1
favor,3,3,3
federally,3,1,1
field,3,2,2
fnd,3,1,1
found,3,2,2
fq,3,1,1
fq_a,3,1,1
fq_protocol,3,1,1
fuel,3,2,2
ƒ,3,3,2
gill,3,1,1
grade,3,1,1
gravel,3,1,1
grout,3,1,1
highway,3,2,1
huc8,3,3,1
im,3,1,1
inferred,3,2,2
info,3,2,2
interim,3,1,1
intertidal,3,1,1
interval,3,2,2
investments,3,1,1
japanese,3,2,2
label,3,2,2
late,3,1,1
letter,3,2,2
lot,3,1,1
low,3,1,1
mailing,3,1,1
mainstem,3,1,1
maintenance,3,1,1
major,3,2,2
marine,3,3,2
measure,3,2,1
middle,3,2,2
montly,3,1,1
mouth,3,1,1
multiple,3,3,3
nonresident,3,3,3
normal,3,1,1
north,3,3,2
note,3,1,1
obtained,3,3,3
official,3,1,1
omitted,3,1,1
park,3,1,1
pdf,3,1,1
permanent,3,1,1
permitted,3,1,1
polygon,3,1,1
populaiton,3,1,1
positions,3,1,1
power,3,2,2
private,3,2,2
processed,3,1,1
proposed,3,2,2
published,3,3,3
purchase,3,2,1
rating,3,1,1
rcpt,3,1,1
receives,3,1,1
recommendation,3,1,1
refer,3,1,1
reformatted,3,1,1
returning,3,2,2
roughly,3,2,2
row,3,2,1
salmonids,3,2,2
sampler's,3,1,1
science.nature.nps.gov,3,1,1
sean,3,1,1
sensor's,3,3,1
service,3,1,1
source.id,3,1,1
standards,3,1,1
static,3,1,1
streamflow,3,1,1
subdivision,3,1,1
subsection,3,1,1
sufficient,3,2,2
summary,3,2,2
surveyed,3,2,2
surveys,3,1,1
tank,3,2,2
temp_data_grade,3,1,1
term,3,2,2
transferors,3,1,1
tributaries,3,1,1
trust,3,1,1
typically,3,3,2
usedata,3,1,1
user,3,2,2
variance,3,2,2
visits,3,1,1
wages,3,2,1
watersheds,3,3,1
week,3,1,1
weeks,3,1,1
welts,3,1,1
westward,3,2,2
zip,3,3,3
1_escapement_header,2,1,1
1.0,2,2,2
10,2,1,1
10000,2,1,1
11,2,1,1
13,2,1,1
14,2,1,1
17,2,1,1
18,2,1,1
19,2,1,1
2_escapement_data,2,1,1
2.0,2,2,2
20,2,1,1
20000,2,1,1
2017,2,2,2
22,2,1,1
23,2,1,1
24,2,1,1
25,2,1,1
26,2,1,1
27,2,1,1
28,2,1,1
29,2,1,1
3.0,2,2,2
32,2,1,1
33,2,1,1
34,2,1,1
35,2,1,1
36,2,1,1
37,2,1,1
38,2,1,1
39,2,1,1
42,2,1,1
43bd,2,1,1
45,2,1,1
5000,2,1,1
50000,2,1,1
51,2,1,1
6329b75d,2,1,1
6d0e,2,1,1
9,2,1,1
a499,2,1,1
abstaining,2,2,2
accepting,2,1,1
accumulative,2,1,1
acronym,2,1,1
actual,2,1,1
adequacy,2,1,1
adequate,2,1,1
adiwg,2,1,1
advisory,2,2,2
advocating,2,1,1
african,2,2,2
ahfc,2,1,1
aidea,2,1,1
amended,2,1,1
anadramous,2,1,1
angler,2,1,1
appointed,2,1,1
appointment,2,1,1
appropriated,2,2,2
appropriation,2,1,1
arctic,2,1,1
aslc,2,1,1
authorization,2,1,1
authors,2,2,2
b788506a8459,2,1,1
beginning,2,2,2
begins,2,2,2
bering,2,2,2
bldg,2,1,1
bond,2,1,1
broodstock,2,1,1
calculations,2,1,1
calendar,2,1,1
capture,2,2,2
carried,2,2,2
catching,2,1,1
categorized,2,2,2
central,2,1,1
cip,2,1,1
civilians,2,1,1
clade,2,2,1
clipped,2,1,1
closest,2,1,1
closing,2,1,1
combination,2,2,2
commissioned,2,1,1
company,2,2,2
complex,2,1,1
comprising,2,1,1
consumer,2,1,1
copy,2,2,2
corp,2,1,1
correction,2,1,1
county,2,2,2
cssd,2,1,1
daylight,2,1,1
declared,2,1,1
define,2,1,1
delineating,2,1,1
desig,2,1,1
detachment,2,1,1
detail,2,1,1
developmental,2,1,1
diameter,2,1,1
distinguish,2,1,1
documents,2,1,1
domestically,2,1,1
dominant,2,1,1
donated,2,1,1
drilled,2,1,1
duration,2,2,2
emergency,2,1,1
enactment,2,1,1
escaped,2,2,2
estimates,2,1,1
event,2,2,2
evos,2,1,1
excluding,2,1,1
existing,2,2,2
factor,2,2,2
fake,2,1,1
filipino,2,1,1
finished,2,1,1
foot,2,1,1
forclosed,2,1,1
fp,2,1,1
gallons,2,1,1
genus,2,1,1
geometry,2,1,1
government,2,1,1
governmental,2,1,1
green,2,1,1
groupings,2,1,1
gulf,2,2,2
hand,2,1,1
haz,2,1,1
herring,2,2,2
homepack,2,1,1
html,2,1,1
i.e,2,2,2
illegible,2,1,1
impact,2,1,1
implemented,2,2,1
include,2,1,1
included,2,2,1
indic,2,1,1
inscribed,2,1,1
inserted,2,1,1
intake,2,1,1
inverted,2,1,1
issues,2,2,2
jurisdiction,2,1,1
jurisidiction,2,2,2
knb.ecoinformatics.org,2,1,1
lagoon,2,1,1
latitute,2,2,1
lbs,2,1,1
left,2,1,1
licenses,2,1,1
liner,2,1,1
link,2,2,2
live,2,2,2
location_name,2,1,1
locationf,2,1,1
log,2,1,1
lowest,2,1,1
mark,2,1,1
marked,2,1,1
marker,2,1,1
mid,2,2,2
migrated,2,1,1
miles,2,1,1
minus,2,2,2
minute,2,1,1
mm,2,2,2
model,2,1,1
na,2,2,2
nearby,2,1,1
noaa,2,1,1
nonlocal,2,1,1
notes,2,2,2
occurs,2,1,1
oil,2,1,1
opposing,2,1,1
originating,2,1,1
otolith,2,1,1
otter,2,1,1
outmigration,2,1,1
pce,2,1,1
pectoral,2,1,1
pertaining,2,2,1
pf,2,1,1
pfd,2,1,1
phone,2,2,2
port,2,1,1
portuguese,2,1,1
preceded,2,1,1
preferred,2,1,1
presumed,2,2,2
primarily,2,1,1
principal,2,2,1
probability,2,1,1
produce,2,1,1
production,2,1,1
progeny,2,1,1
progressing,2,1,1
proponent,2,1,1
proponents,2,1,1
proposals,2,2,2
provided,2,1,1
quantile,2,1,1
quarters,2,2,1
quot,2,1,1
rack,2,1,1
rc,2,1,1
reabsorbed,2,1,1
real,2,2,1
reared,2,1,1
receiving,2,1,1
recipients,2,1,1
recommended,2,1,1
recovered,2,2,2
reference,2,2,2
regenerated,2,1,1
relationship,2,1,1
releasing,2,1,1
relocation,2,1,1
report,2,2,2
reporting,2,2,2
reports,2,2,2
representation,2,1,1
represented,2,2,2
representing,2,1,1
researchers,2,1,1
resolution,2,2,2
resource,2,1,1
retains,2,1,1
rhif,2,1,1
ring,2,1,1
roads,2,2,1
safe,2,1,1
sales,2,1,1
school,2,1,1
sec,2,2,1
sectors,2,2,1
seine,2,1,1
separated,2,2,2
series,2,1,1
similar,2,2,2
site_info.csv,2,2,1
slavic,2,1,1
spanish,2,1,1
spatial,2,2,2
spawn,2,2,2
storage,2,1,1
strategy,2,1,1
stratified,2,1,1
street,2,2,2
sub.region,2,1,1
sunday,2,1,1
surveyor,2,1,1
surveyors,2,1,1
tables,2,1,1
tags,2,1,1
takes,2,2,2
target,2,1,1
technique,2,1,1
thermally,2,1,1
town,2,2,2
transferor,2,1,1
transportation,2,2,1
travel,2,2,2
troll,2,1,1
uncertainty,2,1,1
unrelated,2,1,1
unreliable,2,1,1
urn:uuid,2,1,1
ventral,2,1,1
vets,2,1,1
view,2,1,1
violated,2,1,1
weir,2,1,1
wrong,2,1,1
wtr,2,1,1
yukon,2,1,1
yy,2,2,2
yyyy_xxxx_s,2,1,1
zipcode,2,1,1
0.6,1,1,1
1.6,1,1,1
1000,1,1,1
180,1,1,1
43,1,1,1
48,1,1,1
52,1,1,1
aac,1,1,1
aacts,1,1,1
abbreivation,1,1,1
absolute,1,1,1
abstained,1,1,1
accepted,1,1,1
accessible,1,1,1
acct,1,1,1
acpe,1,1,1
actively,1,1,1
ad,1,1,1
adak,1,1,1
additions,1,1,1
adjusted,1,1,1
adrf,1,1,1
aea,1,1,1
affect,1,1,1
afsc,1,1,1
agenda,1,1,1
aggregated,1,1,1
agric,1,1,1
ahcc,1,1,1
aid,1,1,1
aipp,1,1,1
ak,1,1,1
al,1,1,1
alaska's,1,1,1
alaskas,1,1,1
alcohol,1,1,1
aleutian,1,1,1
alive,1,1,1
allowing,1,1,1
alt,1,1,1
alternates,1,1,1
ama,1,1,1
ambb,1,1,1
amendment,1,1,1
amr,1,1,1
anal,1,1,1
anchorage,1,1,1
annually,1,1,1
ans,1,1,1
anvsa,1,1,1
aogcc,1,1,1
appeared,1,1,1
applicant,1,1,1
approprtated,1,1,1
approval,1,1,1
approximates,1,1,1
apuc,1,1,1
arabic,1,1,1
armenian,1,1,1
arrest,1,1,1
arrestee,1,1,1
assigning,1,1,1
assitance,1,1,1
association,1,1,1
assumed,1,1,1
attempted,1,1,1
attempting,1,1,1
authored,1,1,1
authority,1,1,1
averaged,1,1,1
avg,1,1,1
balance,1,1,1
basis,1,1,1
bcls,1,1,1
beach,1,1,1
beam,1,1,1
beat,1,1,1
bedrock,1,1,1
begin,1,1,1
ben,1,1,1
bias,1,1,1
bisected,1,1,1
blanks,1,1,1
blic,1,1,1
boundaries,1,1,1
boundary,1,1,1
bridg,1,1,1
broken,1,1,1
bs,1,1,1
buildings,1,1,1
built,1,1,1
bulk,1,1,1
bureau,1,1,1
bus,1,1,1
c1,1,1,1
cajun,1,1,1
calculation,1,1,1
camp,1,1,1
canada,1,1,1
canner,1,1,1
cap,1,1,1
capstone,1,1,1
care,1,1,1
casings,1,1,1
catcher,1,1,1
categories,1,1,1
categorization,1,1,1
cbr,1,1,1
cdfo,1,1,1
ces,1,1,1
cfp,1,1,1
chair,1,1,1
characterization,1,1,1
charge,1,1,1
charged,1,1,1
charter,1,1,1
charterrlf,1,1,1
child,1,1,1
childtrern,1,1,1
childtrprn,1,1,1
chinook_early,1,1,1
chinook_goal,1,1,1
chinook_goal_achieved,1,1,1
chinook_late,1,1,1
chinook_normal,1,1,1
chum_early,1,1,1
chum_goal,1,1,1
chum_goal_achieved,1,1,1
chum_late,1,1,1
chum_normal,1,1,1
claimants,1,1,1
clean,1,1,1
clearance,1,1,1
cln,1,1,1
cm,1,1,1
coar,1,1,1
columns,1,1,1
combinations,1,1,1
combined,1,1,1
combines,1,1,1
comm,1,1,1
comma,1,1,1
comment,1,1,1
commerical,1,1,1
commname,1,1,1
commodities,1,1,1
commonly,1,1,1
comparisons,1,1,1
completion,1,1,1
composer,1,1,1
comprehensive,1,1,1
comprises,1,1,1
concern,1,1,1
condition,1,1,1
connected,1,1,1
consent,1,1,1
consolidated,1,1,1
contained,1,1,1
context,1,1,1
continent,1,1,1
contractual,1,1,1
control,1,1,1
controlled,1,1,1
conversion,1,1,1
corporation,1,1,1
corr,1,1,1
correlating,1,1,1
cost,1,1,1
counting,1,1,1
cquota,1,1,1
creation,1,1,1
creator,1,1,1
crim,1,1,1
crime,1,1,1
criminal,1,1,1
croatian,1,1,1
curves,1,1,1
cwf,1,1,1
dead,1,1,1
declarations,1,1,1
deed,1,1,1
deemed,1,1,1
defaults,1,1,1
defer,1,1,1
demarcate,1,1,1
denoting,1,1,1
descriptions,1,1,1
designated,1,1,1
determination,1,1,1
dev,1,1,1
dfa,1,1,1
discharge,1,1,1
discontinued,1,1,1
disinfected,1,1,1
disinfection,1,1,1
dispatch,1,1,1
dist,1,1,1
distinguished,1,1,1
distributed,1,1,1
districts,1,1,1
divided,1,1,1
diving,1,1,1
domain,1,1,1
donat,1,1,1
dorsal,1,1,1
double,1,1,1
dredge,1,1,1
drg,1,1,1
drk,1,1,1
drugs,1,1,1
dsfund,1,1,1
dst,1,1,1
duplicate,1,1,1
dv,1,1,1
dwf,1,1,1
earn,1,1,1
earned,1,1,1
easily,1,1,1
eastward,1,1,1
edit,1,1,1
editing,1,1,1
editor,1,1,1
educ,1,1,1
effect,1,1,1
effective,1,1,1
elec,1,1,1
elect,1,1,1
election,1,1,1
emplotee,1,1,1
employees,1,1,1
enabled,1,1,1
encompassing,1,1,1
endorsement,1,1,1
engine,1,1,1
enrgy,1,1,1
entering,1,1,1
era,1,1,1
exact,1,1,1
expand,1,1,1
expansion,1,1,1
experienced,1,1,1
experiment,1,1,1
explanation,1,1,1
exreg,1,1,1
eye,1,1,1
facilitate,1,1,1
facilitates,1,1,1
failed,1,1,1
faj,1,1,1
ferry,1,1,1
fewer,1,1,1
fica,1,1,1
filled,1,1,1
finer,1,1,1
fiscal,1,1,1
fishen,1,1,1
fisheryname,1,1,1
fishfndinc,1,1,1
fit,1,1,1
fix,1,1,1
focus,1,1,1
fork,1,1,1
formula,1,1,1
fourth,1,1,1
freezer,1,1,1
fri,1,1,1
friend,1,1,1
fsb,1,1,1
function,1,1,1
funding,1,1,1
gamble,1,1,1
gaurd,1,1,1
gen,1,1,1
generalized,1,1,1
geographical,1,1,1
german,1,1,1
germanic,1,1,1
gifting,1,1,1
gifts,1,1,1
goa,1,1,1
gob,1,1,1
gonad,1,1,1
govern,1,1,1
governor,1,1,1
grain,1,1,1
grants,1,1,1
greek,1,1,1
grevbond,1,1,1
grnt,1,1,1
ground,1,1,1
groundfish,1,1,1
guard,1,1,1
gujarati,1,1,1
habitat,1,1,1
happened,1,1,1
hard,1,1,1
harest,1,1,1
harvests,1,1,1
hawaiian,1,1,1
hebrew,1,1,1
hindi,1,1,1
hires,1,1,1
hist,1,1,1
historically,1,1,1
history,1,1,1
hmong,1,1,1
holding,1,1,1
hole,1,1,1
horse,1,1,1
horsepower,1,1,1
hours,1,1,1
hours:minutes:seconds,1,1,1
house,1,1,1
housing,1,1,1
hull,1,1,1
hungarian,1,1,1
hwy,1,1,1
hwycapital,1,1,1
ia,1,1,1
icr,1,1,1
iin,1,1,1
image,1,1,1
includes,1,1,1
incorporated,1,1,1
increment,1,1,1
increments,1,1,1
ind,1,1,1
indices,1,1,1
indo,1,1,1
injury,1,1,1
inletkeeper,1,1,1
inpfc,1,1,1
insurance,1,1,1
int,1,1,1
intairport,1,1,1
intaptcons,1,1,1
integer,1,1,1
internally,1,1,1
investigation,1,1,1
invst,1,1,1
island,1,1,1
italian,1,1,1
itb,1,1,1
itbendearn,1,1,1
jacks,1,1,1
jan,1,1,1
jig,1,1,1
job,1,1,1
join,1,1,1
jud,1,1,1
judicial,1,1,1
khmer,1,1,1
kilometers,1,1,1
korean,1,1,1
kurile,1,1,1
lack,1,1,1
lands,1,1,1
laotian,1,1,1
latitudes,1,1,1
legislature,1,1,1
lies,1,1,1
limit,1,1,1
lines,1,1,1
linking,1,1,1
lives,1,1,1
ln,1,1,1
loa,1,1,1
loaded,1,1,1
location_code,1,1,1
location_filename,1,1,1
locationid,1,1,1
locations,1,1,1
logistic,1,1,1
lp,1,1,1
ltc,1,1,1
lv,1,1,1
makes,1,1,1
manufacturer,1,1,1
mapped,1,1,1
maps,1,1,1
mariculrlf,1,1,1
match,1,1,1
matches,1,1,1
matching,1,1,1
means,1,1,1
measuring,1,1,1
mechanical,1,1,1
mechanism,1,1,1
meetings,1,1,1
member's,1,1,1
meridian,1,1,1
methods,1,1,1
mh,1,1,1
mht,1,1,1
mhtaar,1,1,1
mhtia,1,1,1
micro,1,1,1
midpoint,1,1,1
migrating,1,1,1
military,1,1,1
mine,1,1,1
miscellaneous,1,1,1
misdemeanor,1,1,1
misearn,1,1,1
mod,1,1,1
modification,1,1,1
moment,1,1,1
mon,1,1,1
monday,1,1,1
money,1,1,1
movement,1,1,1
naics,1,1,1
named,1,1,1
naming,1,1,1
nat,1,1,1
nautical,1,1,1
navajo,1,1,1
nearest,1,1,1
ngf,1,1,1
nonded,1,1,1
npafc,1,1,1
npr,1,1,1
observer,1,1,1
ocn,1,1,1
officially,1,1,1
offshore,1,1,1
onboard,1,1,1
ongoing,1,1,1
operation,1,1,1
operator's,1,1,1
oppose,1,1,1
ordinal,1,1,1
organizations,1,1,1
origin,1,1,1
originally,1,1,1
originate,1,1,1
pacific.islander,1,1,1
pack,1,1,1
packer,1,1,1
pair,1,1,1
parent,1,1,1
participation,1,1,1
partner,1,1,1
patois,1,1,1
patrol,1,1,1
peak,1,1,1
periodic,1,1,1
permitting,1,1,1
pers,1,1,1
persian,1,1,1
personnel,1,1,1
pfc,1,1,1
pft,1,1,1
picking,1,1,1
pilot,1,1,1
placeholder,1,1,1
polish,1,1,1
portion,1,1,1
positive,1,1,1
pots,1,1,1
ppt,1,1,1
precise,1,1,1
presentation,1,1,1
previous,1,1,1
prgm,1,1,1
produced,1,1,1
program,1,1,1
proj,1,1,1
prop,1,1,1
proponent1,1,1,1
proponent2,1,1,1
proponent3,1,1,1
provider,1,1,1
province,1,1,1
psmfc,1,1,1
pub,1,1,1
publicbldg,1,1,1
pumping,1,1,1
purchaser,1,1,1
purpose,1,1,1
purse,1,1,1
pwr,1,1,1
quarterly,1,1,1
quickly,1,1,1
races,1,1,1
rail,1,1,1
ranger,1,1,1
ranking,1,1,1
rbr,1,1,1
rca,1,1,1
rcp,1,1,1
rcs,1,1,1
rct,1,1,1
rdu,1,1,1
reach,1,1,1
reason,1,1,1
received,1,1,1
recorder,1,1,1
reduce,1,1,1
referencing,1,1,1
refrigeration,1,1,1
reinstated,1,1,1
related,1,1,1
relevant,1,1,1
remote,1,1,1
ren,1,1,1
rep,1,1,1
replaced,1,1,1
reportable,1,1,1
represent,1,1,1
request,1,1,1
requested,1,1,1
res,1,1,1
resides,1,1,1
respective,1,1,1
rest,1,1,1
ret,1,1,1
retained,1,1,1
retire,1,1,1
retrospective,1,1,1
retrospectively,1,1,1
returns,1,1,1
rev,1,1,1
revenue,1,1,1
revised,1,1,1
rp,1,1,1
rubric,1,1,1
ruralecdev,1,1,1
russian,1,1,1
rv,1,1,1
sasap.region_corrected,1,1,1
sbed,1,1,1
scallop,1,1,1
scandinavian,1,1,1
sci,1,1,1
scientific,1,1,1
script,1,1,1
seats,1,1,1
secondary,1,1,1
seeking,1,1,1
segments,1,1,1
selling,1,1,1
semicolon,1,1,1
seniorcare,1,1,1
sentence,1,1,1
serbo,1,1,1
services,1,1,1
shellfish,1,1,1
shipped,1,1,1
shore,1,1,1
shortened,1,1,1
simple,1,1,1
smbus,1,1,1
sockeye_early,1,1,1
sockeye_goal,1,1,1
sockeye_goal_achieved,1,1,1
sockeye_late,1,1,1
sockeye_normal,1,1,1
solutions,1,1,1
sourced,1,1,1
spawner,1,1,1
spawning,1,1,1
special,1,1,1
specification,1,1,1
specvehrct,1,1,1
sportfish,1,1,1
spot,1,1,1
ssbg,1,1,1
staff,1,1,1
stance,1,1,1
standardized,1,1,1
stararea,1,1,1
stat,1,1,1
stating,1,1,1
statues,1,1,1
step,1,1,1
stf,1,1,1
sticks,1,1,1
stimulus09,1,1,1
stock's,1,1,1
stocks,1,1,1
subarea,1,1,1
submitted,1,1,1
suffix,1,1,1
surety,1,1,1
surface,1,1,1
surpl,1,1,1
surrounding,1,1,1
suspect,1,1,1
suspicious,1,1,1
svcs,1,1,1
swhs,1,1,1
synonymous,1,1,1
systematic,1,1,1
systems,1,1,1
table,1,1,1
tagalog,1,1,1
tail,1,1,1
taking,1,1,1
teach,1,1,1
tech,1,1,1
tertiary,1,1,1
thai,1,1,1
thickness,1,1,1
timber,1,1,1
times,1,1,1
tmp,1,1,1
tob,1,1,1
tour,1,1,1
township,1,1,1
tracked,1,1,1
tracks,1,1,1
tract,1,1,1
trading,1,1,1
trans,1,1,1
transaction,1,1,1
translation,1,1,1
trasferor,1,1,1
trng,1,1,1
troopers,1,1,1
true,1,1,1
types,1,1,1
ucr,1,1,1
uncertain,1,1,1
undefined,1,1,1
unfounded,1,1,1
unincorporated,1,1,1
univ,1,1,1
unrstr,1,1,1
unsatisfactory,1,1,1
unspecified,1,1,1
updated,1,1,1
urdu,1,1,1
usa,1,1,1
usd,1,1,1
utilize,1,1,1
valued,1,1,1
vcf,1,1,1
vehrntltax,1,1,1
version,1,1,1
vietnamese,1,1,1
villages,1,1,1
violations,1,1,1
violence,1,1,1
voc,1,1,1
vocabulary,1,1,1
volume,1,1,1
vote,1,1,1
votech,1,1,1
wcbengf,1,1,1
webpage,1,1,1
wheel,1,1,1
whhen,1,1,1
whittunnel,1,1,1
withdrawn,1,1,1
written,1,1,1
wrkrs,1,1,1
yiddish,1,1,1
