identifier,author,word1,word2,word3
doi:10.5063/F1057D6G,Meagan Krupa,alaska,NA,NA
doi:10.5063/F1057D6G,Meagan Krupa,board,NA,NA
doi:10.5063/F1057D6G,Meagan Krupa,of,NA,NA
doi:10.5063/F1057D6G,Meagan Krupa,fisheries,NA,NA
doi:10.5063/F1057D6G,Meagan Krupa,meetings,NA,NA
doi:10.5063/F1057D7X,Leslie Jones,anadromous,NA,NA
doi:10.5063/F1057D7X,Leslie Jones,waters,NA,NA
doi:10.5063/F1057D7X,Leslie Jones,catalog,NA,NA
doi:10.5063/F1057D7X,Leslie Jones,awc,NA,NA
doi:10.5063/F1057D7X,Leslie Jones,of,NA,NA
doi:10.5063/F1057D7X,Leslie Jones,alaska,NA,NA
doi:10.5063/F1057D7X,Leslie Jones,2018,NA,NA
doi:10.5063/F10G3HD0,Christopher Sergeant,national,NA,NA
doi:10.5063/F10G3HD0,Christopher Sergeant,park,NA,NA
doi:10.5063/F10G3HD0,Christopher Sergeant,service,NA,NA
doi:10.5063/F10G3HD0,Christopher Sergeant,southeast,NA,NA
doi:10.5063/F10G3HD0,Christopher Sergeant,alaska,NA,NA
doi:10.5063/F10G3HD0,Christopher Sergeant,network,NA,NA
doi:10.5063/F10G3HD0,Christopher Sergeant,in,NA,NA
doi:10.5063/F10G3HD0,Christopher Sergeant,situ,NA,NA
doi:10.5063/F10G3HD0,Christopher Sergeant,stream,NA,NA
doi:10.5063/F10G3HD0,Christopher Sergeant,temperature,NA,NA
doi:10.5063/F10G3HD0,Christopher Sergeant,monitoring,NA,NA
doi:10.5063/F10G3HD0,Christopher Sergeant,of,NA,NA
doi:10.5063/F10G3HD0,Christopher Sergeant,the,NA,NA
doi:10.5063/F10G3HD0,Christopher Sergeant,indian,NA,NA
doi:10.5063/F10G3HD0,Christopher Sergeant,river,NA,NA
doi:10.5063/F10G3HD0,Christopher Sergeant,salmon,NA,NA
doi:10.5063/F10G3HD0,Christopher Sergeant,river,NA,NA
doi:10.5063/F10G3HD0,Christopher Sergeant,and,NA,NA
doi:10.5063/F10G3HD0,Christopher Sergeant,taiya,NA,NA
doi:10.5063/F10G3HD0,Christopher Sergeant,river,NA,NA
doi:10.5063/F10G3HD0,Christopher Sergeant,2010,NA,NA
doi:10.5063/F10G3HD0,Christopher Sergeant,2016,NA,NA
doi:10.5063/F10Z71KS,NA,data,NA,NA
doi:10.5063/F10Z71KS,NA,on,NA,NA
doi:10.5063/F10Z71KS,NA,alaskan,NA,NA
doi:10.5063/F10Z71KS,NA,budget,NA,NA
doi:10.5063/F10Z71KS,NA,reports,NA,NA
doi:10.5063/F1125QX4,Nicole Kimball,north,NA,NA
doi:10.5063/F1125QX4,Nicole Kimball,pacific,NA,NA
doi:10.5063/F1125QX4,Nicole Kimball,fisheries,NA,NA
doi:10.5063/F1125QX4,Nicole Kimball,management,NA,NA
doi:10.5063/F1125QX4,Nicole Kimball,council,NA,NA
doi:10.5063/F1125QX4,Nicole Kimball,and,NA,NA
doi:10.5063/F1125QX4,Nicole Kimball,advisory,NA,NA
doi:10.5063/F1125QX4,Nicole Kimball,panel,NA,NA
doi:10.5063/F1125QX4,Nicole Kimball,members,NA,NA
doi:10.5063/F1125QX4,Nicole Kimball,1976,NA,NA
doi:10.5063/F1125QX4,Nicole Kimball,2018,NA,NA
doi:10.5063/F1125QX4,Nicole Kimball,alaska,NA,NA
doi:10.5063/F1125QZK,Jared Kibele,slope,NA,NA
doi:10.5063/F1125QZK,Jared Kibele,per,NA,NA
doi:10.5063/F1125QZK,Jared Kibele,sasap,NA,NA
doi:10.5063/F1125QZK,Jared Kibele,region,NA,NA
doi:10.5063/F1125QZK,Jared Kibele,and,NA,NA
doi:10.5063/F1125QZK,Jared Kibele,hydrologic,NA,NA
doi:10.5063/F1125QZK,Jared Kibele,unit,NA,NA
doi:10.5063/F1125QZK,Jared Kibele,huc8,NA,NA
doi:10.5063/F1125QZK,Jared Kibele,boundary,NA,NA
doi:10.5063/F1125QZK,Jared Kibele,for,NA,NA
doi:10.5063/F1125QZK,Jared Kibele,alaskan,NA,NA
doi:10.5063/F1125QZK,Jared Kibele,watersheds,NA,NA
doi:10.5063/F11834SM,NA,sockeye,NA,NA
doi:10.5063/F11834SM,NA,salmon,NA,NA
doi:10.5063/F11834SM,NA,brood,NA,NA
doi:10.5063/F11834SM,NA,tables,NA,NA
doi:10.5063/F11834SM,NA,upper,NA,NA
doi:10.5063/F11834SM,NA,cook,NA,NA
doi:10.5063/F11834SM,NA,inlet,NA,NA
doi:10.5063/F11834SM,NA,alaska,NA,NA
doi:10.5063/F11834SM,NA,1968,NA,NA
doi:10.5063/F11834SM,NA,2016,NA,NA
doi:10.5063/F11C1V5H,Jared Kibele,lakes,NA,NA
doi:10.5063/F11C1V5H,Jared Kibele,of,NA,NA
doi:10.5063/F11C1V5H,Jared Kibele,alaska,NA,NA
doi:10.5063/F11C1V5H,Jared Kibele,with,NA,NA
doi:10.5063/F11C1V5H,Jared Kibele,subsetting,NA,NA
doi:10.5063/F11C1V5H,Jared Kibele,by,NA,NA
doi:10.5063/F11C1V5H,Jared Kibele,watershed,NA,NA
doi:10.5063/F11C1V5H,Jared Kibele,and,NA,NA
doi:10.5063/F11C1V5H,Jared Kibele,sasap,NA,NA
doi:10.5063/F11C1V5H,Jared Kibele,region,NA,NA
doi:10.5063/F11R6NSS,Bert Lewis,chinook,NA,NA
doi:10.5063/F11R6NSS,Bert Lewis,salmon,NA,NA
doi:10.5063/F11R6NSS,Bert Lewis,age,NA,NA
doi:10.5063/F11R6NSS,Bert Lewis,sex,NA,NA
doi:10.5063/F11R6NSS,Bert Lewis,and,NA,NA
doi:10.5063/F11R6NSS,Bert Lewis,length,NA,NA
doi:10.5063/F11R6NSS,Bert Lewis,data,NA,NA
doi:10.5063/F11R6NSS,Bert Lewis,from,NA,NA
doi:10.5063/F11R6NSS,Bert Lewis,major,NA,NA
doi:10.5063/F11R6NSS,Bert Lewis,rivers,NA,NA
doi:10.5063/F11R6NSS,Bert Lewis,in,NA,NA
doi:10.5063/F11R6NSS,Bert Lewis,southeast,NA,NA
doi:10.5063/F11R6NSS,Bert Lewis,alaska,NA,NA
doi:10.5063/F11R6NSS,Bert Lewis,1988,NA,NA
doi:10.5063/F11R6NSS,Bert Lewis,2017,NA,NA
doi:10.5063/F11Z42Q5,Jeanette Clark,chinook,NA,NA
doi:10.5063/F11Z42Q5,Jeanette Clark,salmon,NA,NA
doi:10.5063/F11Z42Q5,Jeanette Clark,brood,NA,NA
doi:10.5063/F11Z42Q5,Jeanette Clark,tables,NA,NA
doi:10.5063/F11Z42Q5,Jeanette Clark,northeast,NA,NA
doi:10.5063/F11Z42Q5,Jeanette Clark,pacific,NA,NA
doi:10.5063/F11Z42Q5,Jeanette Clark,1976,NA,NA
doi:10.5063/F11Z42Q5,Jeanette Clark,2015,NA,NA
doi:10.5063/F1222S1G,NA,salmon,NA,NA
doi:10.5063/F1222S1G,NA,age,NA,NA
doi:10.5063/F1222S1G,NA,sex,NA,NA
doi:10.5063/F1222S1G,NA,and,NA,NA
doi:10.5063/F1222S1G,NA,length,NA,NA
doi:10.5063/F1222S1G,NA,data,NA,NA
doi:10.5063/F1222S1G,NA,from,NA,NA
doi:10.5063/F1222S1G,NA,upper,NA,NA
doi:10.5063/F1222S1G,NA,cook,NA,NA
doi:10.5063/F1222S1G,NA,inlet,NA,NA
doi:10.5063/F1222S1G,NA,alaska,NA,NA
doi:10.5063/F1222S1G,NA,1967,NA,NA
doi:10.5063/F1222S1G,NA,2016,NA,NA
doi:10.5063/F12805X0,NA,salmon,NA,NA
doi:10.5063/F12805X0,NA,hatchery,NA,NA
doi:10.5063/F12805X0,NA,return,NA,NA
doi:10.5063/F12805X0,NA,data,NA,NA
doi:10.5063/F12805X0,NA,1975,NA,NA
doi:10.5063/F12805X0,NA,2016,NA,NA
doi:10.5063/F12N50JP,Madeline Jovanovich,annual,NA,NA
doi:10.5063/F12N50JP,Madeline Jovanovich,salmon,NA,NA
doi:10.5063/F12N50JP,Madeline Jovanovich,hatchery,NA,NA
doi:10.5063/F12N50JP,Madeline Jovanovich,releases,NA,NA
doi:10.5063/F12N50JP,Madeline Jovanovich,from,NA,NA
doi:10.5063/F12N50JP,Madeline Jovanovich,the,NA,NA
doi:10.5063/F12N50JP,Madeline Jovanovich,hatchery,NA,NA
doi:10.5063/F12N50JP,Madeline Jovanovich,release,NA,NA
doi:10.5063/F12N50JP,Madeline Jovanovich,report,NA,NA
doi:10.5063/F12N50JP,Madeline Jovanovich,form,NA,NA
doi:10.5063/F12N50JP,Madeline Jovanovich,alaska,NA,NA
doi:10.5063/F12N50JP,Madeline Jovanovich,1952,NA,NA
doi:10.5063/F12N50JP,Madeline Jovanovich,2017,NA,NA
doi:10.5063/F12Z13SN,Steve Langdon,alaska,NA,NA
doi:10.5063/F12Z13SN,Steve Langdon,salmon,NA,NA
doi:10.5063/F12Z13SN,Steve Langdon,fishery,NA,NA
doi:10.5063/F12Z13SN,Steve Langdon,disaster,NA,NA
doi:10.5063/F12Z13SN,Steve Langdon,determinations,NA,NA
doi:10.5063/F12Z13SN,Steve Langdon,1997,NA,NA
doi:10.5063/F12Z13SN,Steve Langdon,2018,NA,NA
doi:10.5063/F1319T59,NA,daily,NA,NA
doi:10.5063/F1319T59,NA,salmon,NA,NA
doi:10.5063/F1319T59,NA,escapement,NA,NA
doi:10.5063/F1319T59,NA,counts,NA,NA
doi:10.5063/F1319T59,NA,central,NA,NA
doi:10.5063/F1319T59,NA,region,NA,NA
doi:10.5063/F1319T59,NA,alaska,NA,NA
doi:10.5063/F13B5XD8,Jared Kibele,glaciers,NA,NA
doi:10.5063/F13B5XD8,Jared Kibele,in,NA,NA
doi:10.5063/F13B5XD8,Jared Kibele,alaska,NA,NA
doi:10.5063/F13B5XD8,Jared Kibele,with,NA,NA
doi:10.5063/F13B5XD8,Jared Kibele,subsetting,NA,NA
doi:10.5063/F13B5XD8,Jared Kibele,by,NA,NA
doi:10.5063/F13B5XD8,Jared Kibele,watershed,NA,NA
doi:10.5063/F13B5XD8,Jared Kibele,and,NA,NA
doi:10.5063/F13B5XD8,Jared Kibele,sasap,NA,NA
doi:10.5063/F13B5XD8,Jared Kibele,region,NA,NA
doi:10.5063/F13T9FH5,NA,age,NA,NA
doi:10.5063/F13T9FH5,NA,demographics,NA,NA
doi:10.5063/F13T9FH5,NA,of,NA,NA
doi:10.5063/F13T9FH5,NA,salmon,NA,NA
doi:10.5063/F13T9FH5,NA,permit,NA,NA
doi:10.5063/F13T9FH5,NA,holders,NA,NA
doi:10.5063/F13T9FH5,NA,in,NA,NA
doi:10.5063/F13T9FH5,NA,the,NA,NA
doi:10.5063/F13T9FH5,NA,alaskan,NA,NA
doi:10.5063/F13T9FH5,NA,commercial,NA,NA
doi:10.5063/F13T9FH5,NA,fisheries,NA,NA
doi:10.5063/F13T9FH5,NA,entry,NA,NA
doi:10.5063/F13T9FH5,NA,commission,NA,NA
doi:10.5063/F13T9FH5,NA,1976,NA,NA
doi:10.5063/F13T9FH5,NA,2016,NA,NA
doi:10.5063/F1416VB4,Andrew Munro,summary,NA,NA
doi:10.5063/F1416VB4,Andrew Munro,of,NA,NA
doi:10.5063/F1416VB4,Andrew Munro,pacific,NA,NA
doi:10.5063/F1416VB4,Andrew Munro,salmon,NA,NA
doi:10.5063/F1416VB4,Andrew Munro,escapement,NA,NA
doi:10.5063/F1416VB4,Andrew Munro,goals,NA,NA
doi:10.5063/F1416VB4,Andrew Munro,in,NA,NA
doi:10.5063/F1416VB4,Andrew Munro,alaska,NA,NA
doi:10.5063/F1416VB4,Andrew Munro,with,NA,NA
doi:10.5063/F1416VB4,Andrew Munro,a,NA,NA
doi:10.5063/F1416VB4,Andrew Munro,review,NA,NA
doi:10.5063/F1416VB4,Andrew Munro,of,NA,NA
doi:10.5063/F1416VB4,Andrew Munro,escapements,NA,NA
doi:10.5063/F1416VB4,Andrew Munro,from,NA,NA
doi:10.5063/F1416VB4,Andrew Munro,2001,NA,NA
doi:10.5063/F1416VB4,Andrew Munro,to,NA,NA
doi:10.5063/F1416VB4,Andrew Munro,2009,NA,NA
doi:10.5063/F1445JSW,Jared Kibele,mines,NA,NA
doi:10.5063/F1445JSW,Jared Kibele,in,NA,NA
doi:10.5063/F1445JSW,Jared Kibele,alaska,NA,NA
doi:10.5063/F1445JSW,Jared Kibele,with,NA,NA
doi:10.5063/F1445JSW,Jared Kibele,subsetting,NA,NA
doi:10.5063/F1445JSW,Jared Kibele,by,NA,NA
doi:10.5063/F1445JSW,Jared Kibele,watershed,NA,NA
doi:10.5063/F1445JSW,Jared Kibele,and,NA,NA
doi:10.5063/F1445JSW,Jared Kibele,sasap,NA,NA
doi:10.5063/F1445JSW,Jared Kibele,region,NA,NA
doi:10.5063/F1445JSW,Jared Kibele,2010,NA,NA
doi:10.5063/F1445JSW,Jared Kibele,to,NA,NA
doi:10.5063/F1445JSW,Jared Kibele,2016,NA,NA
doi:10.5063/F14B2ZMJ,Edward Otis,lower,NA,NA
doi:10.5063/F14B2ZMJ,Edward Otis,cook,NA,NA
doi:10.5063/F14B2ZMJ,Edward Otis,inlet,NA,NA
doi:10.5063/F14B2ZMJ,Edward Otis,salmon,NA,NA
doi:10.5063/F14B2ZMJ,Edward Otis,escapement,NA,NA
doi:10.5063/F14B2ZMJ,Edward Otis,database,NA,NA
doi:10.5063/F14B2ZMJ,Edward Otis,1927,NA,NA
doi:10.5063/F14B2ZMJ,Edward Otis,2018,NA,NA
doi:10.5063/F14F1P2Q,Tobias Schwoerer,commercial,NA,NA
doi:10.5063/F14F1P2Q,Tobias Schwoerer,vessel,NA,NA
doi:10.5063/F14F1P2Q,Tobias Schwoerer,characteristics,NA,NA
doi:10.5063/F14F1P2Q,Tobias Schwoerer,by,NA,NA
doi:10.5063/F14F1P2Q,Tobias Schwoerer,year,NA,NA
doi:10.5063/F14F1P2Q,Tobias Schwoerer,state,NA,NA
doi:10.5063/F14F1P2Q,Tobias Schwoerer,alaskan,NA,NA
doi:10.5063/F14F1P2Q,Tobias Schwoerer,census,NA,NA
doi:10.5063/F14F1P2Q,Tobias Schwoerer,area,NA,NA
doi:10.5063/F14F1P2Q,Tobias Schwoerer,and,NA,NA
doi:10.5063/F14F1P2Q,Tobias Schwoerer,city,NA,NA
doi:10.5063/F14F1P2Q,Tobias Schwoerer,1978,NA,NA
doi:10.5063/F14F1P2Q,Tobias Schwoerer,2017,NA,NA
doi:10.5063/F14Q7S94,NA,daily,NA,NA
doi:10.5063/F14Q7S94,NA,escapement,NA,NA
doi:10.5063/F14Q7S94,NA,counts,NA,NA
doi:10.5063/F14Q7S94,NA,bristol,NA,NA
doi:10.5063/F14Q7S94,NA,bay,NA,NA
doi:10.5063/F14Q7S94,NA,alaska,NA,NA
doi:10.5063/F14Q7S94,NA,1955,NA,NA
doi:10.5063/F14Q7S94,NA,2017,NA,NA
doi:10.5063/F14T6GM3,Jared Kibele,hydrologic,NA,NA
doi:10.5063/F14T6GM3,Jared Kibele,unit,NA,NA
doi:10.5063/F14T6GM3,Jared Kibele,huc8,NA,NA
doi:10.5063/F14T6GM3,Jared Kibele,boundaries,NA,NA
doi:10.5063/F14T6GM3,Jared Kibele,for,NA,NA
doi:10.5063/F14T6GM3,Jared Kibele,alaskan,NA,NA
doi:10.5063/F14T6GM3,Jared Kibele,watersheds,NA,NA
doi:10.5063/F14T6GNJ,Jared Kibele,area,NA,NA
doi:10.5063/F14T6GNJ,Jared Kibele,burned,NA,NA
doi:10.5063/F14T6GNJ,Jared Kibele,by,NA,NA
doi:10.5063/F14T6GNJ,Jared Kibele,fire,NA,NA
doi:10.5063/F14T6GNJ,Jared Kibele,per,NA,NA
doi:10.5063/F14T6GNJ,Jared Kibele,sasap,NA,NA
doi:10.5063/F14T6GNJ,Jared Kibele,region,NA,NA
doi:10.5063/F14T6GNJ,Jared Kibele,and,NA,NA
doi:10.5063/F14T6GNJ,Jared Kibele,hydrologic,NA,NA
doi:10.5063/F14T6GNJ,Jared Kibele,unit,NA,NA
doi:10.5063/F14T6GNJ,Jared Kibele,huc8,NA,NA
doi:10.5063/F14T6GNJ,Jared Kibele,boundary,NA,NA
doi:10.5063/F14T6GNJ,Jared Kibele,for,NA,NA
doi:10.5063/F14T6GNJ,Jared Kibele,alaskan,NA,NA
doi:10.5063/F14T6GNJ,Jared Kibele,watersheds,NA,NA
doi:10.5063/F1513WHZ,NA,sockeye,NA,NA
doi:10.5063/F1513WHZ,NA,salmon,NA,NA
doi:10.5063/F1513WHZ,NA,brood,NA,NA
doi:10.5063/F1513WHZ,NA,tables,NA,NA
doi:10.5063/F1513WHZ,NA,pws,NA,NA
doi:10.5063/F1513WHZ,NA,and,NA,NA
doi:10.5063/F1513WHZ,NA,southeast,NA,NA
doi:10.5063/F1513WHZ,NA,alaska,NA,NA
doi:10.5063/F1513WHZ,NA,1958,NA,NA
doi:10.5063/F1513WHZ,NA,2016,NA,NA
doi:10.5063/F1542KVC,NA,inpfc,NA,NA
doi:10.5063/F1542KVC,NA,npafc,NA,NA
doi:10.5063/F1542KVC,NA,high,NA,NA
doi:10.5063/F1542KVC,NA,seas,NA,NA
doi:10.5063/F1542KVC,NA,salmonid,NA,NA
doi:10.5063/F1542KVC,NA,tag,NA,NA
doi:10.5063/F1542KVC,NA,recovery,NA,NA
doi:10.5063/F1542KVC,NA,database,NA,NA
doi:10.5063/F1542KVC,NA,1956,NA,NA
doi:10.5063/F1542KVC,NA,2013,NA,NA
doi:10.5063/F15T3HRG,Neala Kendall,salmon,NA,NA
doi:10.5063/F15T3HRG,Neala Kendall,age,NA,NA
doi:10.5063/F15T3HRG,Neala Kendall,sex,NA,NA
doi:10.5063/F15T3HRG,Neala Kendall,and,NA,NA
doi:10.5063/F15T3HRG,Neala Kendall,length,NA,NA
doi:10.5063/F15T3HRG,Neala Kendall,data,NA,NA
doi:10.5063/F15T3HRG,Neala Kendall,from,NA,NA
doi:10.5063/F15T3HRG,Neala Kendall,bristol,NA,NA
doi:10.5063/F15T3HRG,Neala Kendall,bay,NA,NA
doi:10.5063/F15T3HRG,Neala Kendall,alaska,NA,NA
doi:10.5063/F15T3HRG,Neala Kendall,1957,NA,NA
doi:10.5063/F15T3HRG,Neala Kendall,2009,NA,NA
doi:10.5063/F1610XMW,NA,salmon,NA,NA
doi:10.5063/F1610XMW,NA,escapement,NA,NA
doi:10.5063/F1610XMW,NA,data,NA,NA
doi:10.5063/F1610XMW,NA,from,NA,NA
doi:10.5063/F1610XMW,NA,arcic,NA,NA
doi:10.5063/F1610XMW,NA,yukon,NA,NA
doi:10.5063/F1610XMW,NA,kusokwim,NA,NA
doi:10.5063/F1610XMW,NA,region,NA,NA
doi:10.5063/F1610XMW,NA,1965,NA,NA
doi:10.5063/F1610XMW,NA,2015,NA,NA
doi:10.5063/F1639N0M,NA,in,NA,NA
doi:10.5063/F1639N0M,NA,situ,NA,NA
doi:10.5063/F1639N0M,NA,stream,NA,NA
doi:10.5063/F1639N0M,NA,temperature,NA,NA
doi:10.5063/F1639N0M,NA,monitoring,NA,NA
doi:10.5063/F1639N0M,NA,central,NA,NA
doi:10.5063/F1639N0M,NA,alaska,NA,NA
doi:10.5063/F1639N0M,NA,2008,NA,NA
doi:10.5063/F1639N0M,NA,2017,NA,NA
doi:10.5063/F16971VP,NA,commercial,NA,NA
doi:10.5063/F16971VP,NA,fishery,NA,NA
doi:10.5063/F16971VP,NA,seafood,NA,NA
doi:10.5063/F16971VP,NA,products,NA,NA
doi:10.5063/F16971VP,NA,information,NA,NA
doi:10.5063/F16971VP,NA,from,NA,NA
doi:10.5063/F16971VP,NA,alaska,NA,NA
doi:10.5063/F16971VP,NA,commercial,NA,NA
doi:10.5063/F16971VP,NA,operator's,NA,NA
doi:10.5063/F16971VP,NA,annual,NA,NA
doi:10.5063/F16971VP,NA,reports,NA,NA
doi:10.5063/F16971VP,NA,coar,NA,NA
doi:10.5063/F16971VP,NA,1984,NA,NA
doi:10.5063/F16971VP,NA,to,NA,NA
doi:10.5063/F16971VP,NA,2017,NA,NA
doi:10.5063/F16H4FQS,NA,community,NA,NA
doi:10.5063/F16H4FQS,NA,database,NA,NA
doi:10.5063/F16H4FQS,NA,online,NA,NA
doi:10.5063/F16H4FQS,NA,road,NA,NA
doi:10.5063/F16H4FQS,NA,and,NA,NA
doi:10.5063/F16H4FQS,NA,ferry,NA,NA
doi:10.5063/F16H4FQS,NA,connectivity,NA,NA
doi:10.5063/F16H4FQS,NA,of,NA,NA
doi:10.5063/F16H4FQS,NA,alaska,NA,NA
doi:10.5063/F16H4FQS,NA,communities,NA,NA
doi:10.5063/F16M354H,NA,alaska,NA,NA
doi:10.5063/F16M354H,NA,local,NA,NA
doi:10.5063/F16M354H,NA,and,NA,NA
doi:10.5063/F16M354H,NA,regional,NA,NA
doi:10.5063/F16M354H,NA,information,NA,NA
doi:10.5063/F16M354H,NA,alari,NA,NA
doi:10.5063/F16M354H,NA,data,NA,NA
doi:10.5063/F16M354H,NA,on,NA,NA
doi:10.5063/F16M354H,NA,alaska's,NA,NA
doi:10.5063/F16M354H,NA,workforce,NA,NA
doi:10.5063/F16M354H,NA,characteristics,NA,NA
doi:10.5063/F16M354H,NA,tax,NA,NA
doi:10.5063/F16M354H,NA,revenue,NA,NA
doi:10.5063/F16M354H,NA,and,NA,NA
doi:10.5063/F16M354H,NA,industries,NA,NA
doi:10.5063/F1736P5F,Megan Marie,fish,NA,NA
doi:10.5063/F1736P5F,Megan Marie,habitat,NA,NA
doi:10.5063/F1736P5F,Megan Marie,permits,NA,NA
doi:10.5063/F1736P5F,Megan Marie,for,NA,NA
doi:10.5063/F1736P5F,Megan Marie,work,NA,NA
doi:10.5063/F1736P5F,Megan Marie,in,NA,NA
doi:10.5063/F1736P5F,Megan Marie,anadromous,NA,NA
doi:10.5063/F1736P5F,Megan Marie,streams,NA,NA
doi:10.5063/F1736P5F,Megan Marie,in,NA,NA
doi:10.5063/F1736P5F,Megan Marie,alaska,NA,NA
doi:10.5063/F1736P5F,Megan Marie,2008,NA,NA
doi:10.5063/F1736P5F,Megan Marie,2018,NA,NA
doi:10.5063/F17M0660,Ben Staton,a,NA,NA
doi:10.5063/F17M0660,Ben Staton,closed,NA,NA
doi:10.5063/F17M0660,Ben Staton,loop,NA,NA
doi:10.5063/F17M0660,Ben Staton,simulation,NA,NA
doi:10.5063/F17M0660,Ben Staton,model,NA,NA
doi:10.5063/F17M0660,Ben Staton,for,NA,NA
doi:10.5063/F17M0660,Ben Staton,in,NA,NA
doi:10.5063/F17M0660,Ben Staton,season,NA,NA
doi:10.5063/F17M0660,Ben Staton,management,NA,NA
doi:10.5063/F17M0660,Ben Staton,of,NA,NA
doi:10.5063/F17M0660,Ben Staton,kuskokwim,NA,NA
doi:10.5063/F17M0660,Ben Staton,river,NA,NA
doi:10.5063/F17M0660,Ben Staton,chinook,NA,NA
doi:10.5063/F17M0660,Ben Staton,salmon,NA,NA
doi:10.5063/F17M0660,Ben Staton,tailored,NA,NA
doi:10.5063/F17M0660,Ben Staton,for,NA,NA
doi:10.5063/F17M0660,Ben Staton,a,NA,NA
doi:10.5063/F17M0660,Ben Staton,value,NA,NA
doi:10.5063/F17M0660,Ben Staton,of,NA,NA
doi:10.5063/F17M0660,Ben Staton,information,NA,NA
doi:10.5063/F17M0660,Ben Staton,analysis,NA,NA
doi:10.5063/F17M0660,Ben Staton,and,NA,NA
doi:10.5063/F17M0660,Ben Staton,informed,NA,NA
doi:10.5063/F17M0660,Ben Staton,by,NA,NA
doi:10.5063/F17M0660,Ben Staton,data,NA,NA
doi:10.5063/F17M0660,Ben Staton,spanning,NA,NA
doi:10.5063/F17M0660,Ben Staton,1984,NA,NA
doi:10.5063/F17M0660,Ben Staton,2016,NA,NA
doi:10.5063/F17S7M2J,NA,summary,NA,NA
doi:10.5063/F17S7M2J,NA,data,NA,NA
doi:10.5063/F17S7M2J,NA,of,NA,NA
doi:10.5063/F17S7M2J,NA,subsistence,NA,NA
doi:10.5063/F17S7M2J,NA,salmon,NA,NA
doi:10.5063/F17S7M2J,NA,catch,NA,NA
doi:10.5063/F17S7M2J,NA,from,NA,NA
doi:10.5063/F17S7M2J,NA,in,NA,NA
doi:10.5063/F17S7M2J,NA,season,NA,NA
doi:10.5063/F17S7M2J,NA,fish,NA,NA
doi:10.5063/F17S7M2J,NA,camp,NA,NA
doi:10.5063/F17S7M2J,NA,surveys,NA,NA
doi:10.5063/F17S7M2J,NA,lower,NA,NA
doi:10.5063/F17S7M2J,NA,kuskokwim,NA,NA
doi:10.5063/F17S7M2J,NA,river,NA,NA
doi:10.5063/F17S7M2J,NA,alaska,NA,NA
doi:10.5063/F17S7M2J,NA,2009,NA,NA
doi:10.5063/F17S7M2J,NA,2016,NA,NA
doi:10.5063/F17W69GV,Erika Gavenus,migration,NA,NA
doi:10.5063/F17W69GV,Erika Gavenus,data,NA,NA
doi:10.5063/F17W69GV,Erika Gavenus,in,NA,NA
doi:10.5063/F17W69GV,Erika Gavenus,alaska,NA,NA
doi:10.5063/F17W69GV,Erika Gavenus,based,NA,NA
doi:10.5063/F17W69GV,Erika Gavenus,derived,NA,NA
doi:10.5063/F17W69GV,Erika Gavenus,from,NA,NA
doi:10.5063/F17W69GV,Erika Gavenus,permanent,NA,NA
doi:10.5063/F17W69GV,Erika Gavenus,fund,NA,NA
doi:10.5063/F17W69GV,Erika Gavenus,dividend,NA,NA
doi:10.5063/F17W69GV,Erika Gavenus,pfd,NA,NA
doi:10.5063/F17W69GV,Erika Gavenus,applications,NA,NA
doi:10.5063/F17W69GV,Erika Gavenus,2000,NA,NA
doi:10.5063/F17W69GV,Erika Gavenus,2018,NA,NA
doi:10.5063/F189144V,NA,commercial,NA,NA
doi:10.5063/F189144V,NA,fisheries,NA,NA
doi:10.5063/F189144V,NA,entry,NA,NA
doi:10.5063/F189144V,NA,commision,NA,NA
doi:10.5063/F189144V,NA,cfec,NA,NA
doi:10.5063/F189144V,NA,public,NA,NA
doi:10.5063/F189144V,NA,permit,NA,NA
doi:10.5063/F189144V,NA,holders,NA,NA
doi:10.5063/F189144V,NA,by,NA,NA
doi:10.5063/F189144V,NA,community,NA,NA
doi:10.5063/F189144V,NA,of,NA,NA
doi:10.5063/F189144V,NA,residence,NA,NA
doi:10.5063/F189144V,NA,1975,NA,NA
doi:10.5063/F189144V,NA,2016,NA,NA
doi:10.5063/F1891459,Rich Brenner,sockeye,NA,NA
doi:10.5063/F1891459,Rich Brenner,salmon,NA,NA
doi:10.5063/F1891459,Rich Brenner,brood,NA,NA
doi:10.5063/F1891459,Rich Brenner,tables,NA,NA
doi:10.5063/F1891459,Rich Brenner,northeastern,NA,NA
doi:10.5063/F1891459,Rich Brenner,pacific,NA,NA
doi:10.5063/F1891459,Rich Brenner,1922,NA,NA
doi:10.5063/F1891459,Rich Brenner,2016,NA,NA
doi:10.5063/F18G8J0D,Jeanette Clark,compiled,NA,NA
doi:10.5063/F18G8J0D,Jeanette Clark,annual,NA,NA
doi:10.5063/F18G8J0D,Jeanette Clark,statewide,NA,NA
doi:10.5063/F18G8J0D,Jeanette Clark,alaskan,NA,NA
doi:10.5063/F18G8J0D,Jeanette Clark,salmon,NA,NA
doi:10.5063/F18G8J0D,Jeanette Clark,escapement,NA,NA
doi:10.5063/F18G8J0D,Jeanette Clark,counts,NA,NA
doi:10.5063/F18G8J0D,Jeanette Clark,1921,NA,NA
doi:10.5063/F18G8J0D,Jeanette Clark,2017,NA,NA
doi:10.5063/F18G8J1V,Jared Kibele,percent,NA,NA
doi:10.5063/F18G8J1V,Jared Kibele,landcover,NA,NA
doi:10.5063/F18G8J1V,Jared Kibele,per,NA,NA
doi:10.5063/F18G8J1V,Jared Kibele,sasap,NA,NA
doi:10.5063/F18G8J1V,Jared Kibele,region,NA,NA
doi:10.5063/F18G8J1V,Jared Kibele,and,NA,NA
doi:10.5063/F18G8J1V,Jared Kibele,hydrologic,NA,NA
doi:10.5063/F18G8J1V,Jared Kibele,unit,NA,NA
doi:10.5063/F18G8J1V,Jared Kibele,huc8,NA,NA
doi:10.5063/F18G8J1V,Jared Kibele,boundary,NA,NA
doi:10.5063/F18G8J1V,Jared Kibele,for,NA,NA
doi:10.5063/F18G8J1V,Jared Kibele,alaskan,NA,NA
doi:10.5063/F18G8J1V,Jared Kibele,watersheds,NA,NA
doi:10.5063/F18K77BT,NA,chinook,NA,NA
doi:10.5063/F18K77BT,NA,age,NA,NA
doi:10.5063/F18K77BT,NA,sex,NA,NA
doi:10.5063/F18K77BT,NA,and,NA,NA
doi:10.5063/F18K77BT,NA,length,NA,NA
doi:10.5063/F18K77BT,NA,data,NA,NA
doi:10.5063/F18K77BT,NA,from,NA,NA
doi:10.5063/F18K77BT,NA,east,NA,NA
doi:10.5063/F18K77BT,NA,side,NA,NA
doi:10.5063/F18K77BT,NA,cook,NA,NA
doi:10.5063/F18K77BT,NA,inlet,NA,NA
doi:10.5063/F18K77BT,NA,alaska,NA,NA
doi:10.5063/F18K77BT,NA,1970,NA,NA
doi:10.5063/F18K77BT,NA,2012,NA,NA
doi:10.5063/F18P5XTN,NA,subsistence,NA,NA
doi:10.5063/F18P5XTN,NA,and,NA,NA
doi:10.5063/F18P5XTN,NA,personal,NA,NA
doi:10.5063/F18P5XTN,NA,use,NA,NA
doi:10.5063/F18P5XTN,NA,harvest,NA,NA
doi:10.5063/F18P5XTN,NA,of,NA,NA
doi:10.5063/F18P5XTN,NA,salmon,NA,NA
doi:10.5063/F18P5XTN,NA,in,NA,NA
doi:10.5063/F18P5XTN,NA,alaska,NA,NA
doi:10.5063/F18P5XTN,NA,1960,NA,NA
doi:10.5063/F18P5XTN,NA,2012,NA,NA
doi:10.5063/F18W3BKS,NA,in,NA,NA
doi:10.5063/F18W3BKS,NA,situ,NA,NA
doi:10.5063/F18W3BKS,NA,stream,NA,NA
doi:10.5063/F18W3BKS,NA,temperature,NA,NA
doi:10.5063/F18W3BKS,NA,monitoring,NA,NA
doi:10.5063/F18W3BKS,NA,cook,NA,NA
doi:10.5063/F18W3BKS,NA,inlet,NA,NA
doi:10.5063/F18W3BKS,NA,alaska,NA,NA
doi:10.5063/F18W3BKS,NA,2002,NA,NA
doi:10.5063/F18W3BKS,NA,2017,NA,NA
doi:10.5063/F19C6VQ2,Marcus Gho,changes,NA,NA
doi:10.5063/F19C6VQ2,Marcus Gho,in,NA,NA
doi:10.5063/F19C6VQ2,Marcus Gho,the,NA,NA
doi:10.5063/F19C6VQ2,Marcus Gho,distribution,NA,NA
doi:10.5063/F19C6VQ2,Marcus Gho,of,NA,NA
doi:10.5063/F19C6VQ2,Marcus Gho,alaska's,NA,NA
doi:10.5063/F19C6VQ2,Marcus Gho,commercial,NA,NA
doi:10.5063/F19C6VQ2,Marcus Gho,fisheries,NA,NA
doi:10.5063/F19C6VQ2,Marcus Gho,entry,NA,NA
doi:10.5063/F19C6VQ2,Marcus Gho,permits,NA,NA
doi:10.5063/F19K48HN,Jeanette Clark,compiled,NA,NA
doi:10.5063/F19K48HN,Jeanette Clark,statewide,NA,NA
doi:10.5063/F19K48HN,Jeanette Clark,alaskan,NA,NA
doi:10.5063/F19K48HN,Jeanette Clark,daily,NA,NA
doi:10.5063/F19K48HN,Jeanette Clark,salmon,NA,NA
doi:10.5063/F19K48HN,Jeanette Clark,escapement,NA,NA
doi:10.5063/F19K48HN,Jeanette Clark,counts,NA,NA
doi:10.5063/F19K48HN,Jeanette Clark,1922,NA,NA
doi:10.5063/F19K48HN,Jeanette Clark,2017,NA,NA
doi:10.5063/F19P2ZXK,NA,salmon,NA,NA
doi:10.5063/F19P2ZXK,NA,brood,NA,NA
doi:10.5063/F19P2ZXK,NA,tables,NA,NA
doi:10.5063/F19P2ZXK,NA,westward,NA,NA
doi:10.5063/F19P2ZXK,NA,region,NA,NA
doi:10.5063/F19P2ZXK,NA,alaska,NA,NA
doi:10.5063/F19W0CRM,NA,in,NA,NA
doi:10.5063/F19W0CRM,NA,situ,NA,NA
doi:10.5063/F19W0CRM,NA,stream,NA,NA
doi:10.5063/F19W0CRM,NA,temperature,NA,NA
doi:10.5063/F19W0CRM,NA,monitoring,NA,NA
doi:10.5063/F19W0CRM,NA,alaska,NA,NA
doi:10.5063/F1BC3WT0,Taylor Brelsford,alaska,NA,NA
doi:10.5063/F1BC3WT0,Taylor Brelsford,fisheries,NA,NA
doi:10.5063/F1BC3WT0,Taylor Brelsford,and,NA,NA
doi:10.5063/F1BC3WT0,Taylor Brelsford,wildlife,NA,NA
doi:10.5063/F1BC3WT0,Taylor Brelsford,advisory,NA,NA
doi:10.5063/F1BC3WT0,Taylor Brelsford,committees,NA,NA
doi:10.5063/F1BC3WT0,Taylor Brelsford,by,NA,NA
doi:10.5063/F1BC3WT0,Taylor Brelsford,region,NA,NA
doi:10.5063/F1BC3WT0,Taylor Brelsford,and,NA,NA
doi:10.5063/F1BC3WT0,Taylor Brelsford,recent,NA,NA
doi:10.5063/F1BC3WT0,Taylor Brelsford,activity,NA,NA
doi:10.5063/F1BK19N1,Michael Krauss,native,NA,NA
doi:10.5063/F1BK19N1,Michael Krauss,place,NA,NA
doi:10.5063/F1BK19N1,Michael Krauss,names,NA,NA
doi:10.5063/F1BK19N1,Michael Krauss,and,NA,NA
doi:10.5063/F1BK19N1,Michael Krauss,language,NA,NA
doi:10.5063/F1BK19N1,Michael Krauss,boundaries,NA,NA
doi:10.5063/F1BK19N1,Michael Krauss,alaska,NA,NA
doi:10.5063/F1BR8QG4,Jeanette Clark,estimate,NA,NA
doi:10.5063/F1BR8QG4,Jeanette Clark,of,NA,NA
doi:10.5063/F1BR8QG4,Jeanette Clark,total,NA,NA
doi:10.5063/F1BR8QG4,Jeanette Clark,alaskan,NA,NA
doi:10.5063/F1BR8QG4,Jeanette Clark,salmon,NA,NA
doi:10.5063/F1BR8QG4,Jeanette Clark,abundance,NA,NA
doi:10.5063/F1BR8QG4,Jeanette Clark,by,NA,NA
doi:10.5063/F1BR8QG4,Jeanette Clark,region,NA,NA
doi:10.5063/F1BR8QG4,Jeanette Clark,2000,NA,NA
doi:10.5063/F1BR8QG4,Jeanette Clark,2015,NA,NA
doi:10.5063/F1BV7DWF,Jeanette Clark,federally,NA,NA
doi:10.5063/F1BV7DWF,Jeanette Clark,recognized,NA,NA
doi:10.5063/F1BV7DWF,Jeanette Clark,alaskan,NA,NA
doi:10.5063/F1BV7DWF,Jeanette Clark,tribes,NA,NA
doi:10.5063/F1BV7DWF,Jeanette Clark,and,NA,NA
doi:10.5063/F1BV7DWF,Jeanette Clark,village,NA,NA
doi:10.5063/F1BV7DWF,Jeanette Clark,locations,NA,NA
doi:10.5063/F1CJ8BRD,NA,subsistence,NA,NA
doi:10.5063/F1CJ8BRD,NA,harvest,NA,NA
doi:10.5063/F1CJ8BRD,NA,of,NA,NA
doi:10.5063/F1CJ8BRD,NA,salmon,NA,NA
doi:10.5063/F1CJ8BRD,NA,from,NA,NA
doi:10.5063/F1CJ8BRD,NA,glennallen,NA,NA
doi:10.5063/F1CJ8BRD,NA,subdistrict,NA,NA
doi:10.5063/F1CJ8BRD,NA,alaska,NA,NA
doi:10.5063/F1CJ8BRD,NA,1988,NA,NA
doi:10.5063/F1CJ8BRD,NA,2016,NA,NA
doi:10.5063/F1CN726K,NA,mean,NA,NA
doi:10.5063/F1CN726K,NA,daily,NA,NA
doi:10.5063/F1CN726K,NA,streamflow,NA,NA
doi:10.5063/F1CN726K,NA,discharge,NA,NA
doi:10.5063/F1CN726K,NA,at,NA,NA
doi:10.5063/F1CN726K,NA,sites,NA,NA
doi:10.5063/F1CN726K,NA,in,NA,NA
doi:10.5063/F1CN726K,NA,alaska,NA,NA
doi:10.5063/F1CN726K,NA,u.s,NA,NA
doi:10.5063/F1CN726K,NA,geological,NA,NA
doi:10.5063/F1CN726K,NA,survey,NA,NA
doi:10.5063/F1CN726K,NA,usgs,NA,NA
doi:10.5063/F1CV4G17,Commercial Fisheries Entry Commision CFEC,commercial,NA,NA
doi:10.5063/F1CV4G17,Commercial Fisheries Entry Commision CFEC,fisheries,NA,NA
doi:10.5063/F1CV4G17,Commercial Fisheries Entry Commision CFEC,entry,NA,NA
doi:10.5063/F1CV4G17,Commercial Fisheries Entry Commision CFEC,commision,NA,NA
doi:10.5063/F1CV4G17,Commercial Fisheries Entry Commision CFEC,public,NA,NA
doi:10.5063/F1CV4G17,Commercial Fisheries Entry Commision CFEC,permit,NA,NA
doi:10.5063/F1CV4G17,Commercial Fisheries Entry Commision CFEC,database,NA,NA
doi:10.5063/F1CV4G17,Commercial Fisheries Entry Commision CFEC,from,NA,NA
doi:10.5063/F1CV4G17,Commercial Fisheries Entry Commision CFEC,1975,NA,NA
doi:10.5063/F1CV4G17,Commercial Fisheries Entry Commision CFEC,2016,NA,NA
doi:10.5063/F1D21VW7,Stephen Langdon,salmon,NA,NA
doi:10.5063/F1D21VW7,Stephen Langdon,proposals,NA,NA
doi:10.5063/F1D21VW7,Stephen Langdon,to,NA,NA
doi:10.5063/F1D21VW7,Stephen Langdon,the,NA,NA
doi:10.5063/F1D21VW7,Stephen Langdon,alaska,NA,NA
doi:10.5063/F1D21VW7,Stephen Langdon,board,NA,NA
doi:10.5063/F1D21VW7,Stephen Langdon,of,NA,NA
doi:10.5063/F1D21VW7,Stephen Langdon,fisheries,NA,NA
doi:10.5063/F1D21VW7,Stephen Langdon,2000,NA,NA
doi:10.5063/F1D21VW7,Stephen Langdon,2017,NA,NA
doi:10.5063/F1D50K8H,NA,commercial,NA,NA
doi:10.5063/F1D50K8H,NA,fisheries,NA,NA
doi:10.5063/F1D50K8H,NA,entry,NA,NA
doi:10.5063/F1D50K8H,NA,commission,NA,NA
doi:10.5063/F1D50K8H,NA,permit,NA,NA
doi:10.5063/F1D50K8H,NA,earnings,NA,NA
doi:10.5063/F1D50K8H,NA,1975,NA,NA
doi:10.5063/F1D50K8H,NA,2016,NA,NA
doi:10.5063/F1D798QQ,Jared Kibele,elevation,NA,NA
doi:10.5063/F1D798QQ,Jared Kibele,per,NA,NA
doi:10.5063/F1D798QQ,Jared Kibele,sasap,NA,NA
doi:10.5063/F1D798QQ,Jared Kibele,region,NA,NA
doi:10.5063/F1D798QQ,Jared Kibele,and,NA,NA
doi:10.5063/F1D798QQ,Jared Kibele,hydrologic,NA,NA
doi:10.5063/F1D798QQ,Jared Kibele,unit,NA,NA
doi:10.5063/F1D798QQ,Jared Kibele,huc8,NA,NA
doi:10.5063/F1D798QQ,Jared Kibele,boundary,NA,NA
doi:10.5063/F1D798QQ,Jared Kibele,for,NA,NA
doi:10.5063/F1D798QQ,Jared Kibele,alaskan,NA,NA
doi:10.5063/F1D798QQ,Jared Kibele,watersheds,NA,NA
doi:10.5063/F1DB8030,NA,salmon,NA,NA
doi:10.5063/F1DB8030,NA,age,NA,NA
doi:10.5063/F1DB8030,NA,sex,NA,NA
doi:10.5063/F1DB8030,NA,and,NA,NA
doi:10.5063/F1DB8030,NA,length,NA,NA
doi:10.5063/F1DB8030,NA,data,NA,NA
doi:10.5063/F1DB8030,NA,from,NA,NA
doi:10.5063/F1DB8030,NA,the,NA,NA
doi:10.5063/F1DB8030,NA,copper,NA,NA
doi:10.5063/F1DB8030,NA,and,NA,NA
doi:10.5063/F1DB8030,NA,coghill,NA,NA
doi:10.5063/F1DB8030,NA,rivers,NA,NA
doi:10.5063/F1DB8030,NA,alaska,NA,NA
doi:10.5063/F1DB8030,NA,1965,NA,NA
doi:10.5063/F1DB8030,NA,2016,NA,NA
doi:10.5063/F1DF6PHX,Richard Alexander,sockeye,NA,NA
doi:10.5063/F1DF6PHX,Richard Alexander,salmon,NA,NA
doi:10.5063/F1DF6PHX,Richard Alexander,brood,NA,NA
doi:10.5063/F1DF6PHX,Richard Alexander,tables,NA,NA
doi:10.5063/F1DF6PHX,Richard Alexander,meziadin,NA,NA
doi:10.5063/F1DF6PHX,Richard Alexander,british,NA,NA
doi:10.5063/F1DF6PHX,Richard Alexander,columbia,NA,NA
doi:10.5063/F1DF6PHX,Richard Alexander,1972,NA,NA
doi:10.5063/F1DF6PHX,Richard Alexander,2017,NA,NA
doi:10.5063/F1DN43BZ,NA,in,NA,NA
doi:10.5063/F1DN43BZ,NA,situ,NA,NA
doi:10.5063/F1DN43BZ,NA,stream,NA,NA
doi:10.5063/F1DN43BZ,NA,temperature,NA,NA
doi:10.5063/F1DN43BZ,NA,monitoring,NA,NA
doi:10.5063/F1DN43BZ,NA,southwest,NA,NA
doi:10.5063/F1DN43BZ,NA,alaska,NA,NA
doi:10.5063/F1DN43BZ,NA,2013,NA,NA
doi:10.5063/F1DN43BZ,NA,2017,NA,NA
doi:10.5063/F1FB517C,NA,commercial,NA,NA
doi:10.5063/F1FB517C,NA,salmon,NA,NA
doi:10.5063/F1FB517C,NA,harvest,NA,NA
doi:10.5063/F1FB517C,NA,data,NA,NA
doi:10.5063/F1FB517C,NA,1882,NA,NA
doi:10.5063/F1FB517C,NA,2016,NA,NA
doi:10.5063/F1FF3QMV,Jeanette Clark,salmon,NA,NA
doi:10.5063/F1FF3QMV,Jeanette Clark,age,NA,NA
doi:10.5063/F1FF3QMV,Jeanette Clark,sex,NA,NA
doi:10.5063/F1FF3QMV,Jeanette Clark,and,NA,NA
doi:10.5063/F1FF3QMV,Jeanette Clark,length,NA,NA
doi:10.5063/F1FF3QMV,Jeanette Clark,samples,NA,NA
doi:10.5063/F1FF3QMV,Jeanette Clark,from,NA,NA
doi:10.5063/F1FF3QMV,Jeanette Clark,prince,NA,NA
doi:10.5063/F1FF3QMV,Jeanette Clark,william,NA,NA
doi:10.5063/F1FF3QMV,Jeanette Clark,sound,NA,NA
doi:10.5063/F1FF3QMV,Jeanette Clark,and,NA,NA
doi:10.5063/F1FF3QMV,Jeanette Clark,copper,NA,NA
doi:10.5063/F1FF3QMV,Jeanette Clark,river,NA,NA
doi:10.5063/F1FF3QMV,Jeanette Clark,1960,NA,NA
doi:10.5063/F1FF3QMV,Jeanette Clark,2018,NA,NA
doi:10.5063/F1FN14GB,NA,in,NA,NA
doi:10.5063/F1FN14GB,NA,situ,NA,NA
doi:10.5063/F1FN14GB,NA,stream,NA,NA
doi:10.5063/F1FN14GB,NA,temperature,NA,NA
doi:10.5063/F1FN14GB,NA,monitoring,NA,NA
doi:10.5063/F1FN14GB,NA,at,NA,NA
doi:10.5063/F1FN14GB,NA,fish,NA,NA
doi:10.5063/F1FN14GB,NA,weirs,NA,NA
doi:10.5063/F1FN14GB,NA,alaska,NA,NA
doi:10.5063/F1FN14GB,NA,2008,NA,NA
doi:10.5063/F1FN14GB,NA,2015,NA,NA
doi:10.5063/F1G15Z4D,James Savereide,estimated,NA,NA
doi:10.5063/F1G15Z4D,James Savereide,annual,NA,NA
doi:10.5063/F1G15Z4D,James Savereide,chinook,NA,NA
doi:10.5063/F1G15Z4D,James Savereide,salmon,NA,NA
doi:10.5063/F1G15Z4D,James Savereide,escapement,NA,NA
doi:10.5063/F1G15Z4D,James Savereide,at,NA,NA
doi:10.5063/F1G15Z4D,James Savereide,copper,NA,NA
doi:10.5063/F1G15Z4D,James Savereide,river,NA,NA
doi:10.5063/F1G15Z4D,James Savereide,from,NA,NA
doi:10.5063/F1G15Z4D,James Savereide,1980,NA,NA
doi:10.5063/F1G15Z4D,James Savereide,to,NA,NA
doi:10.5063/F1G15Z4D,James Savereide,2016,NA,NA
doi:10.5063/F1GB22B9,NA,daily,NA,NA
doi:10.5063/F1GB22B9,NA,salmon,NA,NA
doi:10.5063/F1GB22B9,NA,escapement,NA,NA
doi:10.5063/F1GB22B9,NA,counts,NA,NA
doi:10.5063/F1GB22B9,NA,from,NA,NA
doi:10.5063/F1GB22B9,NA,in,NA,NA
doi:10.5063/F1GB22B9,NA,season,NA,NA
doi:10.5063/F1GB22B9,NA,online,NA,NA
doi:10.5063/F1GB22B9,NA,reporting,NA,NA
doi:10.5063/F1GB22B9,NA,by,NA,NA
doi:10.5063/F1GB22B9,NA,the,NA,NA
doi:10.5063/F1GB22B9,NA,alaska,NA,NA
doi:10.5063/F1GB22B9,NA,department,NA,NA
doi:10.5063/F1GB22B9,NA,of,NA,NA
doi:10.5063/F1GB22B9,NA,fish,NA,NA
doi:10.5063/F1GB22B9,NA,and,NA,NA
doi:10.5063/F1GB22B9,NA,game,NA,NA
doi:10.5063/F1GB22B9,NA,alaska,NA,NA
doi:10.5063/F1GB22B9,NA,1955,NA,NA
doi:10.5063/F1GB22B9,NA,2016,NA,NA
doi:10.5063/F1GH9G79,Jeanette Clark,general,NA,NA
doi:10.5063/F1GH9G79,Jeanette Clark,mapping,NA,NA
doi:10.5063/F1GH9G79,Jeanette Clark,functions,NA,NA
doi:10.5063/F1GH9G79,Jeanette Clark,for,NA,NA
doi:10.5063/F1GH9G79,Jeanette Clark,data,NA,NA
doi:10.5063/F1GH9G79,Jeanette Clark,associated,NA,NA
doi:10.5063/F1GH9G79,Jeanette Clark,with,NA,NA
doi:10.5063/F1GH9G79,Jeanette Clark,the,NA,NA
doi:10.5063/F1GH9G79,Jeanette Clark,state,NA,NA
doi:10.5063/F1GH9G79,Jeanette Clark,of,NA,NA
doi:10.5063/F1GH9G79,Jeanette Clark,alaska's,NA,NA
doi:10.5063/F1GH9G79,Jeanette Clark,salmon,NA,NA
doi:10.5063/F1GH9G79,Jeanette Clark,and,NA,NA
doi:10.5063/F1GH9G79,Jeanette Clark,people,NA,NA
doi:10.5063/F1GH9G79,Jeanette Clark,sasap,NA,NA
doi:10.5063/F1GH9G79,Jeanette Clark,project,NA,NA
doi:10.5063/F1GH9G79,Jeanette Clark,2019,NA,NA
doi:10.5063/F1GX48V4,Andrew Munro,summary,NA,NA
doi:10.5063/F1GX48V4,Andrew Munro,of,NA,NA
doi:10.5063/F1GX48V4,Andrew Munro,pacific,NA,NA
doi:10.5063/F1GX48V4,Andrew Munro,salmon,NA,NA
doi:10.5063/F1GX48V4,Andrew Munro,escapement,NA,NA
doi:10.5063/F1GX48V4,Andrew Munro,goals,NA,NA
doi:10.5063/F1GX48V4,Andrew Munro,in,NA,NA
doi:10.5063/F1GX48V4,Andrew Munro,alaska,NA,NA
doi:10.5063/F1GX48V4,Andrew Munro,with,NA,NA
doi:10.5063/F1GX48V4,Andrew Munro,a,NA,NA
doi:10.5063/F1GX48V4,Andrew Munro,review,NA,NA
doi:10.5063/F1GX48V4,Andrew Munro,of,NA,NA
doi:10.5063/F1GX48V4,Andrew Munro,escapements,NA,NA
doi:10.5063/F1GX48V4,Andrew Munro,from,NA,NA
doi:10.5063/F1GX48V4,Andrew Munro,2007,NA,NA
doi:10.5063/F1GX48V4,Andrew Munro,to,NA,NA
doi:10.5063/F1GX48V4,Andrew Munro,2015,NA,NA
doi:10.5063/F1HM56Q3,Jeanette Clark,harvest,NA,NA
doi:10.5063/F1HM56Q3,Jeanette Clark,of,NA,NA
doi:10.5063/F1HM56Q3,Jeanette Clark,salmon,NA,NA
doi:10.5063/F1HM56Q3,Jeanette Clark,across,NA,NA
doi:10.5063/F1HM56Q3,Jeanette Clark,commercial,NA,NA
doi:10.5063/F1HM56Q3,Jeanette Clark,subsistence,NA,NA
doi:10.5063/F1HM56Q3,Jeanette Clark,personal,NA,NA
doi:10.5063/F1HM56Q3,Jeanette Clark,use,NA,NA
doi:10.5063/F1HM56Q3,Jeanette Clark,and,NA,NA
doi:10.5063/F1HM56Q3,Jeanette Clark,sport,NA,NA
doi:10.5063/F1HM56Q3,Jeanette Clark,fish,NA,NA
doi:10.5063/F1HM56Q3,Jeanette Clark,sectors,NA,NA
doi:10.5063/F1HM56Q3,Jeanette Clark,alaska,NA,NA
doi:10.5063/F1HM56Q3,Jeanette Clark,1995,NA,NA
doi:10.5063/F1HM56Q3,Jeanette Clark,2016,NA,NA
doi:10.5063/F1HT2MMN,Taylor Brelsford,alaska,NA,NA
doi:10.5063/F1HT2MMN,Taylor Brelsford,federal,NA,NA
doi:10.5063/F1HT2MMN,Taylor Brelsford,subsistence,NA,NA
doi:10.5063/F1HT2MMN,Taylor Brelsford,board,NA,NA
doi:10.5063/F1HT2MMN,Taylor Brelsford,proposals,NA,NA
doi:10.5063/F1HT2MMN,Taylor Brelsford,2000,NA,NA
doi:10.5063/F1HT2MMN,Taylor Brelsford,2015,NA,NA
doi:10.5063/F1HX19Z2,NA,commercial,NA,NA
doi:10.5063/F1HX19Z2,NA,fisheries,NA,NA
doi:10.5063/F1HX19Z2,NA,entry,NA,NA
doi:10.5063/F1HX19Z2,NA,commission,NA,NA
doi:10.5063/F1HX19Z2,NA,basic,NA,NA
doi:10.5063/F1HX19Z2,NA,information,NA,NA
doi:10.5063/F1HX19Z2,NA,table,NA,NA
doi:10.5063/F1HX19Z2,NA,1975,NA,NA
doi:10.5063/F1HX19Z2,NA,2016,NA,NA
doi:10.5063/F1J38QTX,NA,sockeye,NA,NA
doi:10.5063/F1J38QTX,NA,and,NA,NA
doi:10.5063/F1J38QTX,NA,chinook,NA,NA
doi:10.5063/F1J38QTX,NA,salmon,NA,NA
doi:10.5063/F1J38QTX,NA,brood,NA,NA
doi:10.5063/F1J38QTX,NA,tables,NA,NA
doi:10.5063/F1J38QTX,NA,goodnews,NA,NA
doi:10.5063/F1J38QTX,NA,river,NA,NA
doi:10.5063/F1J38QTX,NA,alaska,NA,NA
doi:10.5063/F1J38QTX,NA,1981,NA,NA
doi:10.5063/F1J38QTX,NA,2015,NA,NA
doi:10.5063/F1J67F66,Sue Grant,sockeye,NA,NA
doi:10.5063/F1J67F66,Sue Grant,salmon,NA,NA
doi:10.5063/F1J67F66,Sue Grant,brood,NA,NA
doi:10.5063/F1J67F66,Sue Grant,tables,NA,NA
doi:10.5063/F1J67F66,Sue Grant,fraser,NA,NA
doi:10.5063/F1J67F66,Sue Grant,river,NA,NA
doi:10.5063/F1J67F66,Sue Grant,canada,NA,NA
doi:10.5063/F1J67F66,Sue Grant,1948,NA,NA
doi:10.5063/F1J67F66,Sue Grant,2015,NA,NA
doi:10.5063/F1JD4V29,NA,in,NA,NA
doi:10.5063/F1JD4V29,NA,situ,NA,NA
doi:10.5063/F1JD4V29,NA,stream,NA,NA
doi:10.5063/F1JD4V29,NA,temperature,NA,NA
doi:10.5063/F1JD4V29,NA,monitoring,NA,NA
doi:10.5063/F1JD4V29,NA,southwest,NA,NA
doi:10.5063/F1JD4V29,NA,alaska,NA,NA
doi:10.5063/F1K35RXV,NA,sockeye,NA,NA
doi:10.5063/F1K35RXV,NA,salmon,NA,NA
doi:10.5063/F1K35RXV,NA,brood,NA,NA
doi:10.5063/F1K35RXV,NA,tables,NA,NA
doi:10.5063/F1K35RXV,NA,washington,NA,NA
doi:10.5063/F1K35RXV,NA,1967,NA,NA
doi:10.5063/F1K35RXV,NA,2011,NA,NA
doi:10.5063/F1K64GBK,NA,salmon,NA,NA
doi:10.5063/F1K64GBK,NA,age,NA,NA
doi:10.5063/F1K64GBK,NA,sex,NA,NA
doi:10.5063/F1K64GBK,NA,and,NA,NA
doi:10.5063/F1K64GBK,NA,length,NA,NA
doi:10.5063/F1K64GBK,NA,data,NA,NA
doi:10.5063/F1K64GBK,NA,from,NA,NA
doi:10.5063/F1K64GBK,NA,arctic,NA,NA
doi:10.5063/F1K64GBK,NA,yukon,NA,NA
doi:10.5063/F1K64GBK,NA,kuskokwim,NA,NA
doi:10.5063/F1K64GBK,NA,region,NA,NA
doi:10.5063/F1K64GBK,NA,of,NA,NA
doi:10.5063/F1K64GBK,NA,alaska,NA,NA
doi:10.5063/F1K64GBK,NA,1960,NA,NA
doi:10.5063/F1K64GBK,NA,2017,NA,NA
doi:10.5063/F1KD1W57,Jared Kibele,historic,NA,NA
doi:10.5063/F1KD1W57,Jared Kibele,precipitation,NA,NA
doi:10.5063/F1KD1W57,Jared Kibele,in,NA,NA
doi:10.5063/F1KD1W57,Jared Kibele,alaska,NA,NA
doi:10.5063/F1KD1W57,Jared Kibele,for,NA,NA
doi:10.5063/F1KD1W57,Jared Kibele,1901,NA,NA
doi:10.5063/F1KD1W57,Jared Kibele,2015,NA,NA
doi:10.5063/F1KD1W57,Jared Kibele,with,NA,NA
doi:10.5063/F1KD1W57,Jared Kibele,regional,NA,NA
doi:10.5063/F1KD1W57,Jared Kibele,subsetting,NA,NA
doi:10.5063/F1KD1W57,Jared Kibele,by,NA,NA
doi:10.5063/F1KD1W57,Jared Kibele,sasap,NA,NA
doi:10.5063/F1KD1W57,Jared Kibele,region,NA,NA
doi:10.5063/F1KP80FG,Steve Langdon,alaska,NA,NA
doi:10.5063/F1KP80FG,Steve Langdon,board,NA,NA
doi:10.5063/F1KP80FG,Steve Langdon,of,NA,NA
doi:10.5063/F1KP80FG,Steve Langdon,fisheries,NA,NA
doi:10.5063/F1KP80FG,Steve Langdon,members,NA,NA
doi:10.5063/F1KP80FG,Steve Langdon,and,NA,NA
doi:10.5063/F1KP80FG,Steve Langdon,regions,NA,NA
doi:10.5063/F1KW5DB1,NA,alaska,NA,NA
doi:10.5063/F1KW5DB1,NA,commercial,NA,NA
doi:10.5063/F1KW5DB1,NA,salmon,NA,NA
doi:10.5063/F1KW5DB1,NA,fishery,NA,NA
doi:10.5063/F1KW5DB1,NA,ex,NA,NA
doi:10.5063/F1KW5DB1,NA,vessel,NA,NA
doi:10.5063/F1KW5DB1,NA,prices,NA,NA
doi:10.5063/F1KW5DB1,NA,1984,NA,NA
doi:10.5063/F1KW5DB1,NA,2015,NA,NA
doi:10.5063/F1M043PR,NA,daily,NA,NA
doi:10.5063/F1M043PR,NA,escapement,NA,NA
doi:10.5063/F1M043PR,NA,counts,NA,NA
doi:10.5063/F1M043PR,NA,from,NA,NA
doi:10.5063/F1M043PR,NA,prince,NA,NA
doi:10.5063/F1M043PR,NA,william,NA,NA
doi:10.5063/F1M043PR,NA,sound,NA,NA
doi:10.5063/F1M043PR,NA,counting,NA,NA
doi:10.5063/F1M043PR,NA,weirs,NA,NA
doi:10.5063/F1M043PR,NA,and,NA,NA
doi:10.5063/F1M043PR,NA,towers,NA,NA
doi:10.5063/F1M043PR,NA,alaska,NA,NA
doi:10.5063/F1M043PR,NA,1931,NA,NA
doi:10.5063/F1M043PR,NA,2011,NA,NA
doi:10.5063/F1MK6B60,Jared Kibele,historic,NA,NA
doi:10.5063/F1MK6B60,Jared Kibele,air,NA,NA
doi:10.5063/F1MK6B60,Jared Kibele,temperatures,NA,NA
doi:10.5063/F1MK6B60,Jared Kibele,in,NA,NA
doi:10.5063/F1MK6B60,Jared Kibele,alaska,NA,NA
doi:10.5063/F1MK6B60,Jared Kibele,for,NA,NA
doi:10.5063/F1MK6B60,Jared Kibele,1901,NA,NA
doi:10.5063/F1MK6B60,Jared Kibele,2015,NA,NA
doi:10.5063/F1MK6B60,Jared Kibele,with,NA,NA
doi:10.5063/F1MK6B60,Jared Kibele,spatial,NA,NA
doi:10.5063/F1MK6B60,Jared Kibele,subsetting,NA,NA
doi:10.5063/F1MK6B60,Jared Kibele,by,NA,NA
doi:10.5063/F1MK6B60,Jared Kibele,region,NA,NA
doi:10.5063/F1MW2FFZ,NA,worker,NA,NA
doi:10.5063/F1MW2FFZ,NA,demographics,NA,NA
doi:10.5063/F1MW2FFZ,NA,in,NA,NA
doi:10.5063/F1MW2FFZ,NA,the,NA,NA
doi:10.5063/F1MW2FFZ,NA,seafood,NA,NA
doi:10.5063/F1MW2FFZ,NA,processing,NA,NA
doi:10.5063/F1MW2FFZ,NA,industry,NA,NA
doi:10.5063/F1MW2FFZ,NA,2010,NA,NA
doi:10.5063/F1MW2FFZ,NA,2015,NA,NA
doi:10.5063/F1N58JPP,Jeanette Clark,languages,NA,NA
doi:10.5063/F1N58JPP,Jeanette Clark,used,NA,NA
doi:10.5063/F1N58JPP,Jeanette Clark,in,NA,NA
doi:10.5063/F1N58JPP,Jeanette Clark,alaskan,NA,NA
doi:10.5063/F1N58JPP,Jeanette Clark,households,NA,NA
doi:10.5063/F1N58JPP,Jeanette Clark,1990,NA,NA
doi:10.5063/F1N58JPP,Jeanette Clark,2015,NA,NA
doi:10.5063/F1NC5ZGW,Tobias Schwoerer,regional,NA,NA
doi:10.5063/F1NC5ZGW,Tobias Schwoerer,salmon,NA,NA
doi:10.5063/F1NC5ZGW,Tobias Schwoerer,weight,NA,NA
doi:10.5063/F1NC5ZGW,Tobias Schwoerer,derived,NA,NA
doi:10.5063/F1NC5ZGW,Tobias Schwoerer,from,NA,NA
doi:10.5063/F1NC5ZGW,Tobias Schwoerer,commercial,NA,NA
doi:10.5063/F1NC5ZGW,Tobias Schwoerer,catch,NA,NA
doi:10.5063/F1NC5ZGW,Tobias Schwoerer,data,NA,NA
doi:10.5063/F1NC5ZGW,Tobias Schwoerer,alaska,NA,NA
doi:10.5063/F1NC5ZGW,Tobias Schwoerer,1975,NA,NA
doi:10.5063/F1NC5ZGW,Tobias Schwoerer,2016,NA,NA
doi:10.5063/F1NK3C9X,Emily O'Dean,land,NA,NA
doi:10.5063/F1NK3C9X,Emily O'Dean,status,NA,NA
doi:10.5063/F1NK3C9X,Emily O'Dean,in,NA,NA
doi:10.5063/F1NK3C9X,Emily O'Dean,alaska,NA,NA
doi:10.5063/F1NK3C9X,Emily O'Dean,2018,NA,NA
doi:10.5063/F1NV9GHW,NA,salmon,NA,NA
doi:10.5063/F1NV9GHW,NA,age,NA,NA
doi:10.5063/F1NV9GHW,NA,sex,NA,NA
doi:10.5063/F1NV9GHW,NA,and,NA,NA
doi:10.5063/F1NV9GHW,NA,length,NA,NA
doi:10.5063/F1NV9GHW,NA,data,NA,NA
doi:10.5063/F1NV9GHW,NA,from,NA,NA
doi:10.5063/F1NV9GHW,NA,lower,NA,NA
doi:10.5063/F1NV9GHW,NA,cook,NA,NA
doi:10.5063/F1NV9GHW,NA,inlet,NA,NA
doi:10.5063/F1NV9GHW,NA,alaska,NA,NA
doi:10.5063/F1NV9GHW,NA,1961,NA,NA
doi:10.5063/F1NV9GHW,NA,2014,NA,NA
doi:10.5063/F1NZ85X6,NA,sockeye,NA,NA
doi:10.5063/F1NZ85X6,NA,salmon,NA,NA
doi:10.5063/F1NZ85X6,NA,brood,NA,NA
doi:10.5063/F1NZ85X6,NA,tables,NA,NA
doi:10.5063/F1NZ85X6,NA,bristol,NA,NA
doi:10.5063/F1NZ85X6,NA,bay,NA,NA
doi:10.5063/F1NZ85X6,NA,alaska,NA,NA
doi:10.5063/F1NZ85X6,NA,1955,NA,NA
doi:10.5063/F1NZ85X6,NA,2016,NA,NA
doi:10.5063/F1P55KR5,NA,in,NA,NA
doi:10.5063/F1P55KR5,NA,situ,NA,NA
doi:10.5063/F1P55KR5,NA,stream,NA,NA
doi:10.5063/F1P55KR5,NA,temperature,NA,NA
doi:10.5063/F1P55KR5,NA,monitoring,NA,NA
doi:10.5063/F1P55KR5,NA,southeast,NA,NA
doi:10.5063/F1P55KR5,NA,alaska,NA,NA
doi:10.5063/F1P55KR5,NA,2011,NA,NA
doi:10.5063/F1P55KR5,NA,2016,NA,NA
doi:10.5063/F1PN93XZ,NA,alaskan,NA,NA
doi:10.5063/F1PN93XZ,NA,fishing,NA,NA
doi:10.5063/F1PN93XZ,NA,industry,NA,NA
doi:10.5063/F1PN93XZ,NA,employee,NA,NA
doi:10.5063/F1PN93XZ,NA,counts,NA,NA
doi:10.5063/F1PN93XZ,NA,by,NA,NA
doi:10.5063/F1PN93XZ,NA,month,NA,NA
doi:10.5063/F1PN93XZ,NA,grouped,NA,NA
doi:10.5063/F1PN93XZ,NA,by,NA,NA
doi:10.5063/F1PN93XZ,NA,region,NA,NA
doi:10.5063/F1PN93XZ,NA,and,NA,NA
doi:10.5063/F1PN93XZ,NA,fish,NA,NA
doi:10.5063/F1PN93XZ,NA,species,NA,NA
doi:10.5063/F1PN93XZ,NA,from,NA,NA
doi:10.5063/F1PN93XZ,NA,2000,NA,NA
doi:10.5063/F1PN93XZ,NA,2016,NA,NA
doi:10.5063/F1PR7T8D,Rich Brenner,pink,NA,NA
doi:10.5063/F1PR7T8D,Rich Brenner,salmon,NA,NA
doi:10.5063/F1PR7T8D,Rich Brenner,age,NA,NA
doi:10.5063/F1PR7T8D,Rich Brenner,sex,NA,NA
doi:10.5063/F1PR7T8D,Rich Brenner,and,NA,NA
doi:10.5063/F1PR7T8D,Rich Brenner,length,NA,NA
doi:10.5063/F1PR7T8D,Rich Brenner,data,NA,NA
doi:10.5063/F1PR7T8D,Rich Brenner,from,NA,NA
doi:10.5063/F1PR7T8D,Rich Brenner,prince,NA,NA
doi:10.5063/F1PR7T8D,Rich Brenner,william,NA,NA
doi:10.5063/F1PR7T8D,Rich Brenner,sound,NA,NA
doi:10.5063/F1PR7T8D,Rich Brenner,alaska,NA,NA
doi:10.5063/F1PR7T8D,Rich Brenner,1997,NA,NA
doi:10.5063/F1PR7T8D,Rich Brenner,2016,NA,NA
doi:10.5063/F1PZ573F,Jared Kibele,rivers,NA,NA
doi:10.5063/F1PZ573F,Jared Kibele,of,NA,NA
doi:10.5063/F1PZ573F,Jared Kibele,alaska,NA,NA
doi:10.5063/F1PZ573F,Jared Kibele,grouped,NA,NA
doi:10.5063/F1PZ573F,Jared Kibele,by,NA,NA
doi:10.5063/F1PZ573F,Jared Kibele,sasap,NA,NA
doi:10.5063/F1PZ573F,Jared Kibele,region,NA,NA
doi:10.5063/F1PZ573F,Jared Kibele,2018,NA,NA
doi:10.5063/F1QF8R4C,NA,alaska,NA,NA
doi:10.5063/F1QF8R4C,NA,sport,NA,NA
doi:10.5063/F1QF8R4C,NA,fishing,NA,NA
doi:10.5063/F1QF8R4C,NA,licenses,NA,NA
doi:10.5063/F1QF8R4C,NA,1993,NA,NA
doi:10.5063/F1QF8R4C,NA,2016,NA,NA
doi:10.5063/F1QN652R,Meagan Krupa,alaska,NA,NA
doi:10.5063/F1QN652R,Meagan Krupa,board,NA,NA
doi:10.5063/F1QN652R,Meagan Krupa,of,NA,NA
doi:10.5063/F1QN652R,Meagan Krupa,fisheries,NA,NA
doi:10.5063/F1QN652R,Meagan Krupa,proposals,NA,NA
doi:10.5063/F1QN652R,Meagan Krupa,1959,NA,NA
doi:10.5063/F1QN652R,Meagan Krupa,2016,NA,NA
doi:10.5063/F1QR4VCB,NA,locations,NA,NA
doi:10.5063/F1QR4VCB,NA,of,NA,NA
doi:10.5063/F1QR4VCB,NA,wells,NA,NA
doi:10.5063/F1QR4VCB,NA,in,NA,NA
doi:10.5063/F1QR4VCB,NA,alaska,NA,NA
doi:10.5063/F1QR4VCB,NA,using,NA,NA
doi:10.5063/F1QR4VCB,NA,the,NA,NA
doi:10.5063/F1QR4VCB,NA,well,NA,NA
doi:10.5063/F1QR4VCB,NA,log,NA,NA
doi:10.5063/F1QR4VCB,NA,tracking,NA,NA
doi:10.5063/F1QR4VCB,NA,system,NA,NA
doi:10.5063/F1QR4VCB,NA,2016,NA,NA
doi:10.5063/F1R20ZMM,NA,daily,NA,NA
doi:10.5063/F1R20ZMM,NA,summaries,NA,NA
doi:10.5063/F1R20ZMM,NA,of,NA,NA
doi:10.5063/F1R20ZMM,NA,stream,NA,NA
doi:10.5063/F1R20ZMM,NA,temperature,NA,NA
doi:10.5063/F1R20ZMM,NA,at,NA,NA
doi:10.5063/F1R20ZMM,NA,sites,NA,NA
doi:10.5063/F1R20ZMM,NA,in,NA,NA
doi:10.5063/F1R20ZMM,NA,alaska,NA,NA
doi:10.5063/F1R20ZMM,NA,u.s,NA,NA
doi:10.5063/F1R20ZMM,NA,geological,NA,NA
doi:10.5063/F1R20ZMM,NA,survey,NA,NA
doi:10.5063/F1R20ZMM,NA,usgs,NA,NA
doi:10.5063/F1R20ZN2,Rachel Donkersloot,well,NA,NA
doi:10.5063/F1R20ZN2,Rachel Donkersloot,being,NA,NA
doi:10.5063/F1R20ZN2,Rachel Donkersloot,domains,NA,NA
doi:10.5063/F1R20ZN2,Rachel Donkersloot,and,NA,NA
doi:10.5063/F1R20ZN2,Rachel Donkersloot,attributes,NA,NA
doi:10.5063/F1R20ZN2,Rachel Donkersloot,2018,NA,NA
doi:10.5063/F1RF5S96,NA,estimated,NA,NA
doi:10.5063/F1RF5S96,NA,values,NA,NA
doi:10.5063/F1RF5S96,NA,for,NA,NA
doi:10.5063/F1RF5S96,NA,permanent,NA,NA
doi:10.5063/F1RF5S96,NA,permits,NA,NA
doi:10.5063/F1RF5S96,NA,in,NA,NA
doi:10.5063/F1RF5S96,NA,alaska's,NA,NA
doi:10.5063/F1RF5S96,NA,limited,NA,NA
doi:10.5063/F1RF5S96,NA,fisheries,NA,NA
doi:10.5063/F1RF5S96,NA,1978,NA,NA
doi:10.5063/F1RF5S96,NA,2017,NA,NA
doi:10.5063/F1RN3647,NA,resident,NA,NA
doi:10.5063/F1RN3647,NA,vs,NA,NA
doi:10.5063/F1RN3647,NA,nonresident,NA,NA
doi:10.5063/F1RN3647,NA,workers,NA,NA
doi:10.5063/F1RN3647,NA,wages,NA,NA
doi:10.5063/F1RN3647,NA,in,NA,NA
doi:10.5063/F1RN3647,NA,the,NA,NA
doi:10.5063/F1RN3647,NA,alaskan,NA,NA
doi:10.5063/F1RN3647,NA,seafood,NA,NA
doi:10.5063/F1RN3647,NA,and,NA,NA
doi:10.5063/F1RN3647,NA,fishing,NA,NA
doi:10.5063/F1RN3647,NA,processing,NA,NA
doi:10.5063/F1RN3647,NA,industry,NA,NA
doi:10.5063/F1RR1WHQ,NA,statewide,NA,NA
doi:10.5063/F1RR1WHQ,NA,sport,NA,NA
doi:10.5063/F1RR1WHQ,NA,fish,NA,NA
doi:10.5063/F1RR1WHQ,NA,harvest,NA,NA
doi:10.5063/F1RR1WHQ,NA,survey,NA,NA
doi:10.5063/F1RR1WHQ,NA,for,NA,NA
doi:10.5063/F1RR1WHQ,NA,effort,NA,NA
doi:10.5063/F1RR1WHQ,NA,catch,NA,NA
doi:10.5063/F1RR1WHQ,NA,and,NA,NA
doi:10.5063/F1RR1WHQ,NA,harvest,NA,NA
doi:10.5063/F1RR1WHQ,NA,estimates,NA,NA
doi:10.5063/F1RR1WHQ,NA,alaska,NA,NA
doi:10.5063/F1RR1WHQ,NA,1996,NA,NA
doi:10.5063/F1RR1WHQ,NA,2016,NA,NA
doi:10.5063/F1S75DNC,NA,subsistence,NA,NA
doi:10.5063/F1S75DNC,NA,harvest,NA,NA
doi:10.5063/F1S75DNC,NA,information,NA,NA
doi:10.5063/F1S75DNC,NA,by,NA,NA
doi:10.5063/F1S75DNC,NA,region,NA,NA
doi:10.5063/F1S75DNC,NA,community,NA,NA
doi:10.5063/F1S75DNC,NA,resource,NA,NA
doi:10.5063/F1S75DNC,NA,and,NA,NA
doi:10.5063/F1S75DNC,NA,year,NA,NA
doi:10.5063/F1S75DNC,NA,1964,NA,NA
doi:10.5063/F1S75DNC,NA,2015,NA,NA
doi:10.5063/F1SF2TG1,Stephanie Freund,coho,NA,NA
doi:10.5063/F1SF2TG1,Stephanie Freund,salmon,NA,NA
doi:10.5063/F1SF2TG1,Stephanie Freund,brood,NA,NA
doi:10.5063/F1SF2TG1,Stephanie Freund,tables,NA,NA
doi:10.5063/F1SF2TG1,Stephanie Freund,northeast,NA,NA
doi:10.5063/F1SF2TG1,Stephanie Freund,pacific,NA,NA
doi:10.5063/F1SF2TG1,Stephanie Freund,1967,NA,NA
doi:10.5063/F1SF2TG1,Stephanie Freund,2015,NA,NA
doi:10.5063/F1SJ1HWB,NA,salmon,NA,NA
doi:10.5063/F1SJ1HWB,NA,age,NA,NA
doi:10.5063/F1SJ1HWB,NA,sex,NA,NA
doi:10.5063/F1SJ1HWB,NA,and,NA,NA
doi:10.5063/F1SJ1HWB,NA,length,NA,NA
doi:10.5063/F1SJ1HWB,NA,data,NA,NA
doi:10.5063/F1SJ1HWB,NA,from,NA,NA
doi:10.5063/F1SJ1HWB,NA,westward,NA,NA
doi:10.5063/F1SJ1HWB,NA,and,NA,NA
doi:10.5063/F1SJ1HWB,NA,southeast,NA,NA
doi:10.5063/F1SJ1HWB,NA,alaska,NA,NA
doi:10.5063/F1SJ1HWB,NA,1979,NA,NA
doi:10.5063/F1SJ1HWB,NA,2017,NA,NA
doi:10.5063/F1ST7N45,Christopher Arp,in,NA,NA
doi:10.5063/F1ST7N45,Christopher Arp,situ,NA,NA
doi:10.5063/F1ST7N45,Christopher Arp,stream,NA,NA
doi:10.5063/F1ST7N45,Christopher Arp,temperature,NA,NA
doi:10.5063/F1ST7N45,Christopher Arp,monitoring,NA,NA
doi:10.5063/F1ST7N45,Christopher Arp,north,NA,NA
doi:10.5063/F1ST7N45,Christopher Arp,slope,NA,NA
doi:10.5063/F1ST7N45,Christopher Arp,alaska,NA,NA
doi:10.5063/F1ST7N45,Christopher Arp,2011,NA,NA
doi:10.5063/F1ST7N45,Christopher Arp,2017,NA,NA
doi:10.5063/F1T151XN,NA,commercial,NA,NA
doi:10.5063/F1T151XN,NA,salmon,NA,NA
doi:10.5063/F1T151XN,NA,harvest,NA,NA
doi:10.5063/F1T151XN,NA,data,NA,NA
doi:10.5063/F1T151XN,NA,gross,NA,NA
doi:10.5063/F1T151XN,NA,earnings,NA,NA
doi:10.5063/F1T151XN,NA,and,NA,NA
doi:10.5063/F1T151XN,NA,number,NA,NA
doi:10.5063/F1T151XN,NA,of,NA,NA
doi:10.5063/F1T151XN,NA,fish,NA,NA
doi:10.5063/F1T151XN,NA,alaska,NA,NA
doi:10.5063/F1T151XN,NA,1975,NA,NA
doi:10.5063/F1T151XN,NA,2016,NA,NA
doi:10.5063/F1TD9VN9,NA,alaskan,NA,NA
doi:10.5063/F1TD9VN9,NA,commercial,NA,NA
doi:10.5063/F1TD9VN9,NA,salmon,NA,NA
doi:10.5063/F1TD9VN9,NA,fishing,NA,NA
doi:10.5063/F1TD9VN9,NA,statistical,NA,NA
doi:10.5063/F1TD9VN9,NA,areas,NA,NA
doi:10.5063/F1TD9VN9,NA,2017,NA,NA
doi:10.5063/F1TH8JZ8,Rich Brenner,daily,NA,NA
doi:10.5063/F1TH8JZ8,Rich Brenner,escapement,NA,NA
doi:10.5063/F1TH8JZ8,Rich Brenner,counts,NA,NA
doi:10.5063/F1TH8JZ8,Rich Brenner,from,NA,NA
doi:10.5063/F1TH8JZ8,Rich Brenner,tanada,NA,NA
doi:10.5063/F1TH8JZ8,Rich Brenner,creek,NA,NA
doi:10.5063/F1TH8JZ8,Rich Brenner,and,NA,NA
doi:10.5063/F1TH8JZ8,Rich Brenner,long,NA,NA
doi:10.5063/F1TH8JZ8,Rich Brenner,lake,NA,NA
doi:10.5063/F1TH8JZ8,Rich Brenner,weirs,NA,NA
doi:10.5063/F1TH8JZ8,Rich Brenner,alaska,NA,NA
doi:10.5063/F1TH8JZ8,Rich Brenner,1974,NA,NA
doi:10.5063/F1TH8JZ8,Rich Brenner,2014,NA,NA
doi:10.5063/F1V69GVP,NA,characterization,NA,NA
doi:10.5063/F1V69GVP,NA,of,NA,NA
doi:10.5063/F1V69GVP,NA,permit,NA,NA
doi:10.5063/F1V69GVP,NA,transfers,NA,NA
doi:10.5063/F1V69GVP,NA,between,NA,NA
doi:10.5063/F1V69GVP,NA,salmon,NA,NA
doi:10.5063/F1V69GVP,NA,permit,NA,NA
doi:10.5063/F1V69GVP,NA,holders,NA,NA
doi:10.5063/F1V69GVP,NA,in,NA,NA
doi:10.5063/F1V69GVP,NA,alaska,NA,NA
doi:10.5063/F1VH5M32,NA,violations,NA,NA
doi:10.5063/F1VH5M32,NA,and,NA,NA
doi:10.5063/F1VH5M32,NA,enforcement,NA,NA
doi:10.5063/F1VH5M32,NA,of,NA,NA
doi:10.5063/F1VH5M32,NA,salmon,NA,NA
doi:10.5063/F1VH5M32,NA,fishing,NA,NA
doi:10.5063/F1VH5M32,NA,regulations,NA,NA
doi:10.5063/F1VH5M32,NA,alaska,NA,NA
doi:10.5063/F1VH5M32,NA,2014,NA,NA
doi:10.5063/F1VH5M32,NA,2017,NA,NA
doi:10.5063/F1VT1QB1,NA,daily,NA,NA
doi:10.5063/F1VT1QB1,NA,salmon,NA,NA
doi:10.5063/F1VT1QB1,NA,escapement,NA,NA
doi:10.5063/F1VT1QB1,NA,counts,NA,NA
doi:10.5063/F1VT1QB1,NA,from,NA,NA
doi:10.5063/F1VT1QB1,NA,the,NA,NA
doi:10.5063/F1VT1QB1,NA,oceanak,NA,NA
doi:10.5063/F1VT1QB1,NA,database,NA,NA
doi:10.5063/F1VT1QB1,NA,alaska,NA,NA
doi:10.5063/F1VT1QB1,NA,1921,NA,NA
doi:10.5063/F1VT1QB1,NA,2017,NA,NA
doi:10.5063/F1W957GP,NA,salmon,NA,NA
doi:10.5063/F1W957GP,NA,age,NA,NA
doi:10.5063/F1W957GP,NA,sex,NA,NA
doi:10.5063/F1W957GP,NA,and,NA,NA
doi:10.5063/F1W957GP,NA,length,NA,NA
doi:10.5063/F1W957GP,NA,data,NA,NA
doi:10.5063/F1W957GP,NA,from,NA,NA
doi:10.5063/F1W957GP,NA,bristol,NA,NA
doi:10.5063/F1W957GP,NA,bay,NA,NA
doi:10.5063/F1W957GP,NA,region,NA,NA
doi:10.5063/F1W957GP,NA,of,NA,NA
doi:10.5063/F1W957GP,NA,alaska,NA,NA
doi:10.5063/F1W957GP,NA,2010,NA,NA
doi:10.5063/F1W957GP,NA,2015,NA,NA
doi:10.5063/F1W957H4,Jared Kibele,lithology,NA,NA
doi:10.5063/F1W957H4,Jared Kibele,per,NA,NA
doi:10.5063/F1W957H4,Jared Kibele,sasap,NA,NA
doi:10.5063/F1W957H4,Jared Kibele,region,NA,NA
doi:10.5063/F1W957H4,Jared Kibele,and,NA,NA
doi:10.5063/F1W957H4,Jared Kibele,hydrologic,NA,NA
doi:10.5063/F1W957H4,Jared Kibele,unit,NA,NA
doi:10.5063/F1W957H4,Jared Kibele,huc8,NA,NA
doi:10.5063/F1W957H4,Jared Kibele,boundaries,NA,NA
doi:10.5063/F1W957H4,Jared Kibele,for,NA,NA
doi:10.5063/F1W957H4,Jared Kibele,alaskan,NA,NA
doi:10.5063/F1W957H4,Jared Kibele,watersheds,NA,NA
doi:10.5063/F1WH2N8W,Jared Kibele,state,NA,NA
doi:10.5063/F1WH2N8W,Jared Kibele,of,NA,NA
doi:10.5063/F1WH2N8W,Jared Kibele,alaska's,NA,NA
doi:10.5063/F1WH2N8W,Jared Kibele,salmon,NA,NA
doi:10.5063/F1WH2N8W,Jared Kibele,and,NA,NA
doi:10.5063/F1WH2N8W,Jared Kibele,people,NA,NA
doi:10.5063/F1WH2N8W,Jared Kibele,regional,NA,NA
doi:10.5063/F1WH2N8W,Jared Kibele,boundaries,NA,NA
doi:10.5063/F1WW7FZ2,Tobias Schwoerer,regional,NA,NA
doi:10.5063/F1WW7FZ2,Tobias Schwoerer,commercial,NA,NA
doi:10.5063/F1WW7FZ2,Tobias Schwoerer,salmon,NA,NA
doi:10.5063/F1WW7FZ2,Tobias Schwoerer,permit,NA,NA
doi:10.5063/F1WW7FZ2,Tobias Schwoerer,earnings,NA,NA
doi:10.5063/F1WW7FZ2,Tobias Schwoerer,by,NA,NA
doi:10.5063/F1WW7FZ2,Tobias Schwoerer,residency,NA,NA
doi:10.5063/F1WW7FZ2,Tobias Schwoerer,status,NA,NA
doi:10.5063/F1WW7FZ2,Tobias Schwoerer,alaska,NA,NA
doi:10.5063/F1WW7FZ2,Tobias Schwoerer,1975,NA,NA
doi:10.5063/F1WW7FZ2,Tobias Schwoerer,2016,NA,NA
doi:10.5063/F1X63K76,Kevin Schaberg,coho,NA,NA
doi:10.5063/F1X63K76,Kevin Schaberg,salmon,NA,NA
doi:10.5063/F1X63K76,Kevin Schaberg,brood,NA,NA
doi:10.5063/F1X63K76,Kevin Schaberg,table,NA,NA
doi:10.5063/F1X63K76,Kevin Schaberg,kuskokwim,NA,NA
doi:10.5063/F1X63K76,Kevin Schaberg,river,NA,NA
doi:10.5063/F1X63K76,Kevin Schaberg,alaska,NA,NA
doi:10.5063/F1X63K76,Kevin Schaberg,2000,NA,NA
doi:10.5063/F1X63K76,Kevin Schaberg,2012,NA,NA
doi:10.5063/F1X928KM,Leslie Jones,regional,NA,NA
doi:10.5063/F1X928KM,Leslie Jones,fish,NA,NA
doi:10.5063/F1X928KM,Leslie Jones,passage,NA,NA
doi:10.5063/F1X928KM,Leslie Jones,assessment,NA,NA
doi:10.5063/F1X928KM,Leslie Jones,alaska,NA,NA
doi:10.5063/F1X928KM,Leslie Jones,2000,NA,NA
doi:10.5063/F1X928KM,Leslie Jones,2017,NA,NA
doi:10.5063/F1XK8CT1,NA,in,NA,NA
doi:10.5063/F1XK8CT1,NA,situ,NA,NA
doi:10.5063/F1XK8CT1,NA,stream,NA,NA
doi:10.5063/F1XK8CT1,NA,temperature,NA,NA
doi:10.5063/F1XK8CT1,NA,monitoring,NA,NA
doi:10.5063/F1XK8CT1,NA,kodiak,NA,NA
doi:10.5063/F1XK8CT1,NA,island,NA,NA
doi:10.5063/F1XK8CT1,NA,alaska,NA,NA
doi:10.5063/F1XK8CVG,Jeanette Clark,sample,NA,NA
doi:10.5063/F1XK8CVG,Jeanette Clark,indicators,NA,NA
doi:10.5063/F1XK8CVG,Jeanette Clark,of,NA,NA
doi:10.5063/F1XK8CVG,Jeanette Clark,well,NA,NA
doi:10.5063/F1XK8CVG,Jeanette Clark,being,NA,NA
doi:10.5063/F1XK8CVG,Jeanette Clark,in,NA,NA
doi:10.5063/F1XK8CVG,Jeanette Clark,alaska,NA,NA
doi:10.5063/F1XS5SP4,NA,commercial,NA,NA
doi:10.5063/F1XS5SP4,NA,loans,NA,NA
doi:10.5063/F1XS5SP4,NA,data,NA,NA
doi:10.5063/F1XS5SP4,NA,alaska,NA,NA
doi:10.5063/F1XW4H3V,Juliet Bachtel,alaskan,NA,NA
doi:10.5063/F1XW4H3V,Juliet Bachtel,population,NA,NA
doi:10.5063/F1XW4H3V,Juliet Bachtel,demographic,NA,NA
doi:10.5063/F1XW4H3V,Juliet Bachtel,information,NA,NA
doi:10.5063/F1XW4H3V,Juliet Bachtel,from,NA,NA
doi:10.5063/F1XW4H3V,Juliet Bachtel,decennial,NA,NA
doi:10.5063/F1XW4H3V,Juliet Bachtel,and,NA,NA
doi:10.5063/F1XW4H3V,Juliet Bachtel,american,NA,NA
doi:10.5063/F1XW4H3V,Juliet Bachtel,community,NA,NA
doi:10.5063/F1XW4H3V,Juliet Bachtel,survey,NA,NA
doi:10.5063/F1XW4H3V,Juliet Bachtel,census,NA,NA
doi:10.5063/F1XW4H3V,Juliet Bachtel,data,NA,NA
doi:10.5063/F1XW4H3V,Juliet Bachtel,1940,NA,NA
doi:10.5063/F1XW4H3V,Juliet Bachtel,2016,NA,NA
doi:10.5063/F1Z899P0,Greg Ruggerone,north,NA,NA
doi:10.5063/F1Z899P0,Greg Ruggerone,pacific,NA,NA
doi:10.5063/F1Z899P0,Greg Ruggerone,salmon,NA,NA
doi:10.5063/F1Z899P0,Greg Ruggerone,abundance,NA,NA
doi:10.5063/F1Z899P0,Greg Ruggerone,1925,NA,NA
doi:10.5063/F1Z899P0,Greg Ruggerone,2015,NA,NA
doi:10.5063/F1ZK5DXZ,Jared Kibele,global,NA,NA
doi:10.5063/F1ZK5DXZ,Jared Kibele,terrestrial,NA,NA
doi:10.5063/F1ZK5DXZ,Jared Kibele,human,NA,NA
doi:10.5063/F1ZK5DXZ,Jared Kibele,footprint,NA,NA
doi:10.5063/F1ZK5DXZ,Jared Kibele,maps,NA,NA
doi:10.5063/F1ZK5DXZ,Jared Kibele,for,NA,NA
doi:10.5063/F1ZK5DXZ,Jared Kibele,alaska,NA,NA
doi:10.5063/F1ZK5DXZ,Jared Kibele,1993,NA,NA
doi:10.5063/F1ZK5DXZ,Jared Kibele,and,NA,NA
doi:10.5063/F1ZK5DXZ,Jared Kibele,2009,NA,NA
doi:10.5063/F1ZK5DXZ,Jared Kibele,with,NA,NA
doi:10.5063/F1ZK5DXZ,Jared Kibele,sasap,NA,NA
doi:10.5063/F1ZK5DXZ,Jared Kibele,regional,NA,NA
doi:10.5063/F1ZK5DXZ,Jared Kibele,subsetting,NA,NA
doi:10.5063/F1ZW1J77,NA,sockeye,NA,NA
doi:10.5063/F1ZW1J77,NA,salmon,NA,NA
doi:10.5063/F1ZW1J77,NA,age,NA,NA
doi:10.5063/F1ZW1J77,NA,measurements,NA,NA
doi:10.5063/F1ZW1J77,NA,from,NA,NA
doi:10.5063/F1ZW1J77,NA,scale,NA,NA
doi:10.5063/F1ZW1J77,NA,data,NA,NA
doi:10.5063/F1ZW1J77,NA,alaska,NA,NA
doi:10.5063/F1ZW1J77,NA,2011,NA,NA
doi:10.5063/F1ZW1J77,NA,2017,NA,NA
